contests,dist,weight,seed,ktd,mtrd,top1,top3p,top5p,top5_ktd
10,uniform,uniform,0,34,16.782344083206866,1,0.6666666666666666,0.8,5
10,uniform,uniform,1,24,25.58663814789864,1,0.6666666666666666,0.8,3
10,uniform,uniform,2,36,19.971758822494685,1,0.3333333333333333,0.6,5
10,uniform,uniform,3,30,14.736473560818919,1,1.0,1.0,1
10,uniform,uniform,4,40,11.517692718943762,1,0.3333333333333333,0.4,1
10,uniform,uniform,5,21,10.30916921194004,0,0.6666666666666666,0.8,2
10,uniform,uniform,6,38,17.761363315794984,1,0.6666666666666666,0.8,1
10,uniform,uniform,7,42,20.309075968982775,0,0.3333333333333333,0.4,7
10,uniform,uniform,8,32,28.697488808641523,0,0.3333333333333333,0.4,6
10,uniform,uniform,9,24,14.246150938796523,1,0.6666666666666666,0.8,4
10,uniform,uniform,10,33,15.42451464887144,1,0.6666666666666666,0.8,1
10,uniform,uniform,11,32,14.394202481776693,1,1.0,0.6,0
10,uniform,uniform,12,31,30.100961590973736,0,0.3333333333333333,0.6,6
10,uniform,uniform,13,22,9.434754069737542,0,0.6666666666666666,0.8,4
10,uniform,uniform,14,29,10.672787380506055,0,0.6666666666666666,0.8,2
10,uniform,uniform,15,32,16.17873939460913,0,0.3333333333333333,0.6,7
10,uniform,uniform,16,31,14.706104295197369,1,1.0,1.0,0
10,uniform,uniform,17,15,14.003420123821664,1,0.6666666666666666,0.8,3
10,uniform,uniform,18,37,21.329657369184243,0,0.6666666666666666,0.8,5
10,uniform,uniform,19,27,11.136123210793942,1,0.6666666666666666,0.8,3
10,uniform,uniform,20,31,10.853312629219733,1,1.0,0.8,0
10,uniform,uniform,21,21,14.826277713745904,0,0.3333333333333333,0.8,5
10,uniform,uniform,22,26,10.248773588954132,1,0.6666666666666666,0.8,4
10,uniform,uniform,23,28,12.171509704306683,0,0.6666666666666666,0.8,4
10,uniform,uniform,24,21,13.23249715878671,0,0.3333333333333333,0.8,5
10,uniform,uniform,25,36,24.586935877163867,1,0.6666666666666666,0.8,4
10,uniform,uniform,26,40,20.247888863586063,1,0.6666666666666666,0.6,1
10,uniform,uniform,27,25,9.25580540579094,0,0.6666666666666666,1.0,3
10,uniform,uniform,28,40,31.43594515817291,0,0.3333333333333333,0.6,7
10,uniform,uniform,29,44,19.699227602045433,0,0.3333333333333333,0.2,5
10,uniform,uniform,30,27,16.279533227637483,0,0.6666666666666666,0.6,6
10,uniform,uniform,31,31,8.37535013832693,1,0.6666666666666666,1.0,2
10,uniform,uniform,32,27,15.3946867525552,1,0.6666666666666666,0.6,3
10,uniform,uniform,33,23,10.516366765967701,1,1.0,0.8,0
10,uniform,uniform,34,22,24.130433037802472,0,0.6666666666666666,0.8,5
10,uniform,uniform,35,22,13.97215299587179,1,0.6666666666666666,0.6,2
10,uniform,uniform,36,26,17.594980650675385,0,0.6666666666666666,0.8,4
10,uniform,uniform,37,27,9.205264505398562,0,0.6666666666666666,0.8,5
10,uniform,uniform,38,24,13.338216220898957,0,0.6666666666666666,0.8,3
10,uniform,uniform,39,19,13.651175340176158,0,1.0,0.8,2
10,uniform,uniform,40,23,10.53595327983393,1,0.6666666666666666,1.0,3
10,uniform,uniform,41,15,10.179886439423944,1,0.6666666666666666,0.8,2
10,uniform,uniform,42,30,13.050900952190473,0,1.0,0.8,1
10,uniform,uniform,43,34,24.605965497310386,0,0.3333333333333333,0.4,5
10,uniform,uniform,44,33,23.6291572727787,0,0.6666666666666666,0.6,6
10,uniform,uniform,45,39,22.702143471963236,0,0.6666666666666666,0.6,1
10,uniform,uniform,46,33,18.589812907223322,0,0.6666666666666666,0.8,4
10,uniform,uniform,47,28,12.55609312090422,0,0.6666666666666666,0.6,5
10,uniform,uniform,48,22,11.789319994975024,0,0.6666666666666666,0.8,5
10,uniform,uniform,49,28,16.612793628888262,0,0.6666666666666666,0.8,4
10,uniform,vigna,0,37,17.120963990503988,1,0.6666666666666666,0.8,5
10,uniform,vigna,1,25,27.197669270743386,1,0.6666666666666666,0.8,3
10,uniform,vigna,2,35,20.526939666677777,1,0.3333333333333333,0.8,5
10,uniform,vigna,3,32,17.213133790407134,1,1.0,1.0,1
10,uniform,vigna,4,42,12.847842260779792,1,0.3333333333333333,0.4,1
10,uniform,vigna,5,24,12.483088674379175,0,0.6666666666666666,0.8,2
10,uniform,vigna,6,39,17.713331790951663,1,0.6666666666666666,0.8,1
10,uniform,vigna,7,41,21.097887255637858,0,0.3333333333333333,0.4,5
10,uniform,vigna,8,29,28.463161144640186,0,0.3333333333333333,0.4,6
10,uniform,vigna,9,23,13.513989045806671,1,0.6666666666666666,0.8,4
10,uniform,vigna,10,35,16.380090658813003,1,0.6666666666666666,0.8,3
10,uniform,vigna,11,29,15.80386012725063,1,1.0,0.6,0
10,uniform,vigna,12,27,26.886716654199635,0,0.3333333333333333,0.6,6
10,uniform,vigna,13,20,8.079321558332293,0,0.6666666666666666,0.6,3
10,uniform,vigna,14,28,10.389713285142832,0,0.6666666666666666,0.8,2
10,uniform,vigna,15,28,15.062853973263202,0,0.3333333333333333,0.8,8
10,uniform,vigna,16,35,16.420724553734946,1,1.0,1.0,0
10,uniform,vigna,17,15,14.921420901485078,1,0.6666666666666666,0.8,3
10,uniform,vigna,18,37,21.578422764963822,0,0.6666666666666666,0.8,5
10,uniform,vigna,19,31,10.813202461976788,1,0.6666666666666666,0.6,2
10,uniform,vigna,20,35,11.279053450813512,1,1.0,0.8,0
10,uniform,vigna,21,20,15.362839279661973,0,0.3333333333333333,0.8,5
10,uniform,vigna,22,25,10.876515035743614,1,0.6666666666666666,0.8,4
10,uniform,vigna,23,32,13.105708369746775,0,0.6666666666666666,0.8,4
10,uniform,vigna,24,20,13.057033209554021,0,0.3333333333333333,0.8,6
10,uniform,vigna,25,38,23.60775306425738,1,0.3333333333333333,0.8,4
10,uniform,vigna,26,37,19.248372886612454,1,0.6666666666666666,0.6,1
10,uniform,vigna,27,22,8.236554804797896,0,0.6666666666666666,1.0,3
10,uniform,vigna,28,40,31.5321779150228,0,0.3333333333333333,0.6,6
10,uniform,vigna,29,41,19.158760323314475,0,0.3333333333333333,0.2,5
10,uniform,vigna,30,26,16.692266662469965,0,0.6666666666666666,0.6,6
10,uniform,vigna,31,30,8.283994688910836,1,1.0,0.8,1
10,uniform,vigna,32,28,15.172560790758906,1,0.6666666666666666,0.6,4
10,uniform,vigna,33,19,8.988257674313445,0,0.6666666666666666,1.0,2
10,uniform,vigna,34,20,22.08994922791031,0,0.6666666666666666,0.8,4
10,uniform,vigna,35,21,13.970951875054327,1,0.6666666666666666,0.6,2
10,uniform,vigna,36,27,18.225702408046146,0,0.6666666666666666,0.8,4
10,uniform,vigna,37,28,9.121944916490383,0,0.6666666666666666,0.8,5
10,uniform,vigna,38,22,12.670317867829993,0,0.6666666666666666,0.8,3
10,uniform,vigna,39,23,12.56344549421658,0,1.0,0.8,2
10,uniform,vigna,40,25,11.96160966970832,1,0.6666666666666666,0.8,3
10,uniform,vigna,41,17,12.085309686228053,1,0.6666666666666666,0.8,2
10,uniform,vigna,42,32,12.493869163963351,0,1.0,0.8,1
10,uniform,vigna,43,32,21.405766475085603,0,0.3333333333333333,0.6,5
10,uniform,vigna,44,32,23.05826996099465,0,0.6666666666666666,0.6,6
10,uniform,vigna,45,45,23.27613252918931,0,0.6666666666666666,0.6,1
10,uniform,vigna,46,32,18.82478177907396,0,0.6666666666666666,0.8,4
10,uniform,vigna,47,27,12.905477860648235,0,0.6666666666666666,0.6,5
10,uniform,vigna,48,24,14.987492346562524,0,0.6666666666666666,0.8,4
10,uniform,vigna,49,31,15.418248061762565,0,0.6666666666666666,0.8,4
10,uniform,quadratic,0,39,15.76804807634859,1,0.6666666666666666,1.0,5
10,uniform,quadratic,1,29,26.922735488632956,1,0.3333333333333333,0.8,4
10,uniform,quadratic,2,34,21.822930698735703,1,0.6666666666666666,0.8,4
10,uniform,quadratic,3,32,17.619881471900356,1,1.0,1.0,1
10,uniform,quadratic,4,38,12.793630757884646,1,0.3333333333333333,0.6,1
10,uniform,quadratic,5,30,13.033978510577503,0,0.6666666666666666,0.8,2
10,uniform,quadratic,6,39,20.741267909017687,1,0.6666666666666666,0.8,1
10,uniform,quadratic,7,42,21.35823058310273,0,0.3333333333333333,0.4,5
10,uniform,quadratic,8,30,24.07874397518697,0,0.3333333333333333,0.4,6
10,uniform,quadratic,9,23,14.16341378417877,1,0.6666666666666666,0.8,4
10,uniform,quadratic,10,39,17.163871407525328,1,0.6666666666666666,0.8,3
10,uniform,quadratic,11,30,15.79675050823894,1,1.0,0.6,0
10,uniform,quadratic,12,29,26.84985414879788,0,0.3333333333333333,0.6,6
10,uniform,quadratic,13,17,9.293889972014451,0,0.6666666666666666,0.6,3
10,uniform,quadratic,14,32,15.476094252658605,0,1.0,0.8,1
10,uniform,quadratic,15,31,15.413050717121967,0,0.3333333333333333,0.6,6
10,uniform,quadratic,16,39,15.668150971193263,1,1.0,1.0,0
10,uniform,quadratic,17,21,18.18116943804193,1,1.0,0.8,2
10,uniform,quadratic,18,41,20.708227699518872,0,0.6666666666666666,0.8,5
10,uniform,quadratic,19,32,12.933149826187584,1,0.6666666666666666,0.6,1
10,uniform,quadratic,20,39,13.444225429670619,1,1.0,0.6,0
10,uniform,quadratic,21,25,14.32717824167891,0,0.3333333333333333,0.6,5
10,uniform,quadratic,22,23,10.161567013679548,1,0.6666666666666666,0.8,4
10,uniform,quadratic,23,32,14.43504316718169,0,0.6666666666666666,1.0,4
10,uniform,quadratic,24,26,13.993652715919517,0,0.0,0.8,7
10,uniform,quadratic,25,39,21.262884392394987,1,0.3333333333333333,0.6,4
10,uniform,quadratic,26,38,20.771154507445893,1,0.6666666666666666,0.6,1
10,uniform,quadratic,27,24,8.870725083129635,0,0.6666666666666666,1.0,3
10,uniform,quadratic,28,40,31.564758072871467,0,0.3333333333333333,0.6,5
10,uniform,quadratic,29,40,19.281198511248128,0,0.3333333333333333,0.4,4
10,uniform,quadratic,30,28,17.429472167473786,0,0.6666666666666666,0.8,6
10,uniform,quadratic,31,33,11.026008092830578,1,1.0,0.8,0
10,uniform,quadratic,32,29,14.769401477582058,1,0.6666666666666666,0.6,4
10,uniform,quadratic,33,21,10.013227307524502,0,0.6666666666666666,1.0,2
10,uniform,quadratic,34,24,20.917651013976002,0,0.6666666666666666,0.8,5
10,uniform,quadratic,35,23,13.353657575914609,1,0.6666666666666666,0.6,3
10,uniform,quadratic,36,30,19.22067510168558,0,0.6666666666666666,0.8,4
10,uniform,quadratic,37,34,15.041479095801797,0,0.6666666666666666,0.8,5
10,uniform,quadratic,38,24,13.126145647140845,0,0.6666666666666666,0.8,2
10,uniform,quadratic,39,26,18.283707581283053,0,1.0,0.8,2
10,uniform,quadratic,40,28,13.263637586643565,1,0.6666666666666666,0.8,3
10,uniform,quadratic,41,17,14.000349760012769,1,0.6666666666666666,0.8,2
10,uniform,quadratic,42,33,13.17645342573398,0,1.0,0.6,1
10,uniform,quadratic,43,33,22.611323984033138,0,0.3333333333333333,0.4,5
10,uniform,quadratic,44,32,22.483192091249755,0,0.6666666666666666,0.6,6
10,uniform,quadratic,45,43,24.08787054940688,0,0.6666666666666666,0.8,1
10,uniform,quadratic,46,35,19.009229565882343,0,0.6666666666666666,0.8,4
10,uniform,quadratic,47,31,13.17806591025583,0,0.6666666666666666,0.6,5
10,uniform,quadratic,48,29,19.381636160040603,0,0.6666666666666666,0.8,3
10,uniform,quadratic,49,34,15.110893558855226,0,0.6666666666666666,0.8,4
10,skill_matched,uniform,0,42,21.968239529601654,1,0.6666666666666666,0.8,2
10,skill_matched,uniform,1,39,36.41575809845443,1,0.3333333333333333,0.6,1
10,skill_matched,uniform,2,31,22.509070569790833,0,1.0,0.8,2
10,skill_matched,uniform,3,45,26.589869677145558,0,0.6666666666666666,0.6,1
10,skill_matched,uniform,4,66,18.684221118063892,1,0.3333333333333333,0.4,3
10,skill_matched,uniform,5,35,33.39129509705237,0,0.3333333333333333,0.6,7
10,skill_matched,uniform,6,40,37.28498140274651,0,0.6666666666666666,0.6,4
10,skill_matched,uniform,7,66,24.73090728066367,0,0.0,0.0,0
10,skill_matched,uniform,8,36,36.161862881770574,0,0.3333333333333333,0.6,5
10,skill_matched,uniform,9,44,20.42146885902684,1,0.6666666666666666,0.8,2
10,skill_matched,uniform,10,26,12.198912915509343,0,1.0,0.8,3
10,skill_matched,uniform,11,44,29.697264346823843,0,0.3333333333333333,0.6,2
10,skill_matched,uniform,12,28,34.64561800648865,0,0.6666666666666666,0.8,5
10,skill_matched,uniform,13,42,20.077134709457845,1,0.6666666666666666,0.8,2
10,skill_matched,uniform,14,39,20.385399177863057,1,1.0,0.6,1
10,skill_matched,uniform,15,32,11.409799727529634,1,0.6666666666666666,0.6,0
10,skill_matched,uniform,16,42,29.21305283507914,0,0.6666666666666666,0.8,6
10,skill_matched,uniform,17,33,20.10167923955167,0,0.6666666666666666,0.8,2
10,skill_matched,uniform,18,45,28.52388163533935,0,0.0,0.4,7
10,skill_matched,uniform,19,26,10.716141055848745,0,0.6666666666666666,0.6,3
10,skill_matched,uniform,20,61,24.57619380962488,0,0.0,0.4,8
10,skill_matched,uniform,21,38,20.306888987398363,1,1.0,0.6,2
10,skill_matched,uniform,22,20,12.707244046945627,1,0.6666666666666666,0.8,2
10,skill_matched,uniform,23,38,13.919636280898757,1,0.6666666666666666,0.6,1
10,skill_matched,uniform,24,42,19.088642695004268,1,0.3333333333333333,0.6,4
10,skill_matched,uniform,25,55,30.473240479243252,1,0.3333333333333333,0.4,5
10,skill_matched,uniform,26,27,26.65824236112006,1,1.0,0.8,0
10,skill_matched,uniform,27,75,22.28033975398172,0,0.3333333333333333,0.2,3
10,skill_matched,uniform,28,55,23.589021986371193,0,0.6666666666666666,0.6,5
10,skill_matched,uniform,29,60,30.988498998406758,0,0.0,0.2,9
10,skill_matched,uniform,30,45,21.899617154717674,0,0.3333333333333333,0.4,3
10,skill_matched,uniform,31,55,24.289156946186512,0,0.3333333333333333,0.2,4
10,skill_matched,uniform,32,38,13.795835611386872,1,0.3333333333333333,0.8,4
10,skill_matched,uniform,33,53,30.802650384976644,0,0.0,0.4,7
10,skill_matched,uniform,34,29,15.580848017537337,0,0.6666666666666666,0.8,2
10,skill_matched,uniform,35,41,23.056725311422337,1,0.6666666666666666,0.6,2
10,skill_matched,uniform,36,46,26.02995583266811,0,0.6666666666666666,0.4,1
10,skill_matched,uniform,37,44,18.88161289967193,0,0.6666666666666666,0.8,5
10,skill_matched,uniform,38,46,25.533094395484774,0,0.6666666666666666,0.6,7
10,skill_matched,uniform,39,45,31.57214123601083,0,0.6666666666666666,0.6,4
10,skill_matched,uniform,40,40,31.65193921108562,0,0.3333333333333333,0.4,5
10,skill_matched,uniform,41,32,18.74118094013571,0,0.3333333333333333,0.6,5
10,skill_matched,uniform,42,39,22.341317778828707,0,0.6666666666666666,0.8,6
10,skill_matched,uniform,43,56,31.970824702087302,0,0.0,0.4,7
10,skill_matched,uniform,44,44,24.33324961551187,1,0.6666666666666666,0.6,0
10,skill_matched,uniform,45,54,26.668899666452482,0,0.6666666666666666,0.8,4
10,skill_matched,uniform,46,32,15.212094538064258,0,0.6666666666666666,0.8,2
10,skill_matched,uniform,47,69,33.91182781038778,0,0.0,0.4,6
10,skill_matched,uniform,48,30,23.732849205631663,1,0.6666666666666666,0.6,5
10,skill_matched,uniform,49,43,24.35605687740305,0,0.6666666666666666,0.8,5
10,skill_matched,vigna,0,44,19.5766331231541,1,0.3333333333333333,0.8,4
10,skill_matched,vigna,1,46,34.75075705136649,1,0.3333333333333333,0.4,2
10,skill_matched,vigna,2,35,24.08191822777145,1,0.6666666666666666,0.8,2
10,skill_matched,vigna,3,41,24.964931901845652,0,0.6666666666666666,0.6,1
10,skill_matched,vigna,4,67,18.226252881190664,1,0.3333333333333333,0.4,3
10,skill_matched,vigna,5,32,32.05570506283097,0,0.3333333333333333,0.6,7
10,skill_matched,vigna,6,42,37.739962916363886,0,0.6666666666666666,0.6,3
10,skill_matched,vigna,7,58,25.987204308563456,0,0.0,0.0,0
10,skill_matched,vigna,8,43,37.554337794831724,0,0.3333333333333333,0.6,5
10,skill_matched,vigna,9,36,19.28868371145207,1,0.6666666666666666,0.8,2
10,skill_matched,vigna,10,26,11.035306537415266,0,1.0,0.8,4
10,skill_matched,vigna,11,43,30.10149874283923,0,0.3333333333333333,0.6,2
10,skill_matched,vigna,12,30,33.071423932635255,0,0.6666666666666666,0.8,5
10,skill_matched,vigna,13,41,19.46421710272382,1,0.6666666666666666,1.0,2
10,skill_matched,vigna,14,38,22.605763031760905,1,1.0,0.6,1
10,skill_matched,vigna,15,32,11.44433910308646,1,1.0,0.6,1
10,skill_matched,vigna,16,44,28.323411895185753,0,0.6666666666666666,0.8,6
10,skill_matched,vigna,17,36,18.87431118451943,0,0.6666666666666666,0.8,2
10,skill_matched,vigna,18,45,28.614228194055542,0,0.0,0.4,7
10,skill_matched,vigna,19,23,10.387517933340694,0,0.6666666666666666,0.8,3
10,skill_matched,vigna,20,54,23.54156313525598,0,0.0,0.6,8
10,skill_matched,vigna,21,39,20.389713114610668,1,1.0,0.6,2
10,skill_matched,vigna,22,21,12.262323168733149,1,0.6666666666666666,0.8,2
10,skill_matched,vigna,23,39,15.327603982386659,1,0.6666666666666666,0.6,0
10,skill_matched,vigna,24,39,19.071329968992412,1,0.3333333333333333,0.6,4
10,skill_matched,vigna,25,57,30.661160081141205,1,0.3333333333333333,0.4,3
10,skill_matched,vigna,26,29,28.834058783100126,1,0.6666666666666666,0.8,2
10,skill_matched,vigna,27,67,20.24182650419952,0,0.3333333333333333,0.2,6
10,skill_matched,vigna,28,53,24.213807435892498,0,0.6666666666666666,0.6,5
10,skill_matched,vigna,29,60,30.8747834038011,0,0.0,0.2,9
10,skill_matched,vigna,30,46,23.2142519975586,0,0.3333333333333333,0.2,3
10,skill_matched,vigna,31,55,21.139458669988194,0,0.3333333333333333,0.2,4
10,skill_matched,vigna,32,38,16.895420951628374,1,0.6666666666666666,0.8,1
10,skill_matched,vigna,33,48,30.69407130071392,0,0.0,0.4,6
10,skill_matched,vigna,34,38,17.95695523816702,0,0.6666666666666666,0.6,2
10,skill_matched,vigna,35,42,22.816451486004937,1,0.6666666666666666,0.6,2
10,skill_matched,vigna,36,44,29.301883853255948,0,0.3333333333333333,0.2,1
10,skill_matched,vigna,37,45,19.239349796923662,0,0.6666666666666666,0.8,5
10,skill_matched,vigna,38,51,25.061532015680395,0,0.6666666666666666,0.6,7
10,skill_matched,vigna,39,43,29.260750210626586,0,0.6666666666666666,0.6,4
10,skill_matched,vigna,40,38,32.98958096962866,0,0.3333333333333333,0.4,5
10,skill_matched,vigna,41,28,17.600863883015826,0,0.3333333333333333,0.6,5
10,skill_matched,vigna,42,40,21.85239469183751,0,0.6666666666666666,0.8,6
10,skill_matched,vigna,43,56,31.970824702087302,0,0.0,0.4,7
10,skill_matched,vigna,44,50,26.17720396116824,1,0.6666666666666666,0.4,1
10,skill_matched,vigna,45,42,26.949163646653407,1,0.6666666666666666,0.8,2
10,skill_matched,vigna,46,37,15.765099839213008,0,0.6666666666666666,0.8,2
10,skill_matched,vigna,47,68,33.46027417507798,0,0.3333333333333333,0.4,6
10,skill_matched,vigna,48,32,25.92278991367175,1,0.6666666666666666,0.6,5
10,skill_matched,vigna,49,41,25.043595333573908,0,0.6666666666666666,0.8,5
10,skill_matched,quadratic,0,53,20.94896437060167,1,0.3333333333333333,0.6,4
10,skill_matched,quadratic,1,53,40.87924488927502,1,0.3333333333333333,0.4,1
10,skill_matched,quadratic,2,41,22.170896546583474,1,0.6666666666666666,0.8,3
10,skill_matched,quadratic,3,41,26.689522151157455,0,0.6666666666666666,0.6,1
10,skill_matched,quadratic,4,65,17.00522623998196,1,0.3333333333333333,0.2,3
10,skill_matched,quadratic,5,36,29.24518531587066,0,0.3333333333333333,0.4,7
10,skill_matched,quadratic,6,50,35.967659515253224,0,0.6666666666666666,0.4,3
10,skill_matched,quadratic,7,55,27.035795306893146,0,0.0,0.0,0
10,skill_matched,quadratic,8,43,37.91688811743499,0,0.3333333333333333,0.6,5
10,skill_matched,quadratic,9,40,19.344303474106457,1,0.6666666666666666,0.8,2
10,skill_matched,quadratic,10,29,11.69795683759707,0,0.6666666666666666,0.6,3
10,skill_matched,quadratic,11,46,32.026401268801344,0,0.3333333333333333,0.4,2
10,skill_matched,quadratic,12,34,30.838548080313476,0,0.6666666666666666,0.6,6
10,skill_matched,quadratic,13,51,22.052879918144942,0,0.6666666666666666,0.8,4
10,skill_matched,quadratic,14,47,21.96558222430572,1,0.6666666666666666,0.4,2
10,skill_matched,quadratic,15,37,12.301630937280088,1,1.0,0.6,1
10,skill_matched,quadratic,16,46,27.127156938775762,0,0.6666666666666666,0.8,6
10,skill_matched,quadratic,17,40,22.323938109424255,0,1.0,0.8,1
10,skill_matched,quadratic,18,46,28.79753539355493,0,0.0,0.4,7
10,skill_matched,quadratic,19,27,11.65983790896837,0,0.6666666666666666,0.8,4
10,skill_matched,quadratic,20,48,19.683808813804628,0,0.0,0.4,8
10,skill_matched,quadratic,21,40,19.70889085060419,1,0.6666666666666666,0.6,2
10,skill_matched,quadratic,22,34,19.73233022424285,1,0.6666666666666666,0.8,2
10,skill_matched,quadratic,23,44,20.69519460109829,1,0.6666666666666666,0.4,0
10,skill_matched,quadratic,24,38,19.584104161309483,1,0.3333333333333333,0.6,4
10,skill_matched,quadratic,25,56,31.11680373587558,1,0.3333333333333333,0.4,3
10,skill_matched,quadratic,26,33,29.62484143157125,1,0.6666666666666666,0.6,2
10,skill_matched,quadratic,27,70,19.094750735569644,1,0.3333333333333333,0.2,3
10,skill_matched,quadratic,28,54,23.861354766651147,0,0.6666666666666666,0.4,5
10,skill_matched,quadratic,29,63,30.49982980949167,0,0.0,0.2,8
10,skill_matched,quadratic,30,44,21.726838521895214,0,0.3333333333333333,0.2,3
10,skill_matched,quadratic,31,62,22.147888262429614,0,0.3333333333333333,0.2,4
10,skill_matched,quadratic,32,47,20.761997519594853,1,0.6666666666666666,0.8,1
10,skill_matched,quadratic,33,46,31.96261522728663,0,0.0,0.4,6
10,skill_matched,quadratic,34,41,17.98902585053677,0,0.6666666666666666,0.6,2
10,skill_matched,quadratic,35,45,21.727626504454786,1,0.3333333333333333,0.6,3
10,skill_matched,quadratic,36,46,25.47935045090071,1,0.3333333333333333,0.2,1
10,skill_matched,quadratic,37,51,19.613493160018635,0,0.6666666666666666,0.8,6
10,skill_matched,quadratic,38,53,22.942956556572028,0,0.6666666666666666,0.6,7
10,skill_matched,quadratic,39,43,30.744871918774077,0,0.6666666666666666,0.6,4
10,skill_matched,quadratic,40,42,30.825794456566936,0,0.3333333333333333,0.4,5
10,skill_matched,quadratic,41,33,20.603563015462367,1,0.3333333333333333,0.6,5
10,skill_matched,quadratic,42,44,23.176611104472197,0,0.6666666666666666,0.8,5
10,skill_matched,quadratic,43,52,30.29501397872315,0,0.0,0.4,7
10,skill_matched,quadratic,44,51,24.786197602553457,1,0.6666666666666666,0.4,3
10,skill_matched,quadratic,45,54,29.870923641186437,1,0.6666666666666666,0.8,2
10,skill_matched,quadratic,46,45,18.927027958309484,0,0.6666666666666666,0.6,3
10,skill_matched,quadratic,47,65,33.211085969194855,0,0.3333333333333333,0.4,5
10,skill_matched,quadratic,48,40,26.774032499095096,1,0.3333333333333333,0.6,5
10,skill_matched,quadratic,49,40,24.70605598843864,0,0.6666666666666666,0.8,5
30,uniform,uniform,0,13,7.823788425926579,1,0.6666666666666666,1.0,3
30,uniform,uniform,1,10,9.199797883788277,1,0.6666666666666666,0.8,3
30,uniform,uniform,2,13,5.202105007703092,1,1.0,0.8,1
30,uniform,uniform,3,11,5.259542204814841,1,0.6666666666666666,1.0,1
30,uniform,uniform,4,11,4.505096071248712,0,1.0,1.0,2
30,uniform,uniform,5,12,5.021936042776761,1,1.0,0.8,0
30,uniform,uniform,6,5,6.103984051726063,1,0.6666666666666666,0.8,1
30,uniform,uniform,7,23,15.917347210642417,0,0.3333333333333333,0.6,6
30,uniform,uniform,8,8,6.199535341813972,0,1.0,0.8,1
30,uniform,uniform,9,12,7.259537941603612,0,1.0,0.8,2
30,uniform,uniform,10,14,4.452837461309547,1,1.0,1.0,1
30,uniform,uniform,11,12,7.804664663644306,0,0.6666666666666666,1.0,2
30,uniform,uniform,12,9,6.285599374555421,1,0.3333333333333333,1.0,4
30,uniform,uniform,13,8,6.515894394417941,0,1.0,0.8,1
30,uniform,uniform,14,20,5.061563627621354,1,0.6666666666666666,0.8,3
30,uniform,uniform,15,17,7.863179789543303,0,0.6666666666666666,0.8,4
30,uniform,uniform,16,7,3.2399086278626164,1,1.0,0.8,0
30,uniform,uniform,17,14,5.629420253596483,0,1.0,0.8,2
30,uniform,uniform,18,19,19.679981091611094,0,0.6666666666666666,0.8,5
30,uniform,uniform,19,11,6.392444559674303,1,0.6666666666666666,0.8,0
30,uniform,uniform,20,21,5.323913494092131,0,0.6666666666666666,1.0,2
30,uniform,uniform,21,11,7.263699139181896,0,0.6666666666666666,0.8,2
30,uniform,uniform,22,11,5.066434231534794,1,1.0,0.8,1
30,uniform,uniform,23,15,4.657570942663311,1,1.0,0.8,1
30,uniform,uniform,24,8,5.3087433603109595,1,1.0,1.0,2
30,uniform,uniform,25,16,8.165612896967165,0,1.0,1.0,1
30,uniform,uniform,26,16,7.954282889647567,1,0.6666666666666666,0.8,1
30,uniform,uniform,27,13,5.731985366979024,1,1.0,1.0,0
30,uniform,uniform,28,6,3.360289741181061,1,1.0,1.0,0
30,uniform,uniform,29,17,6.718553057179916,1,0.6666666666666666,0.6,2
30,uniform,uniform,30,14,7.442457827767664,0,0.6666666666666666,1.0,6
30,uniform,uniform,31,17,5.344997085009939,1,0.6666666666666666,0.8,1
30,uniform,uniform,32,14,8.087104907690431,1,1.0,0.8,1
30,uniform,uniform,33,10,5.3141089283205005,1,1.0,1.0,0
30,uniform,uniform,34,12,7.92493285543689,0,1.0,1.0,1
30,uniform,uniform,35,13,7.362241228764385,0,0.6666666666666666,0.8,2
30,uniform,uniform,36,7,6.628651675397441,1,1.0,0.8,0
30,uniform,uniform,37,16,5.71186767246669,0,0.6666666666666666,0.8,3
30,uniform,uniform,38,9,6.909793742918574,1,1.0,0.8,1
30,uniform,uniform,39,12,5.247087438838275,1,1.0,0.8,1
30,uniform,uniform,40,14,7.237486976699364,1,0.6666666666666666,0.8,1
30,uniform,uniform,41,8,4.221407083651005,0,1.0,1.0,3
30,uniform,uniform,42,9,5.327295976394865,0,0.6666666666666666,1.0,3
30,uniform,uniform,43,13,7.383509683334109,0,0.6666666666666666,0.8,4
30,uniform,uniform,44,7,6.285104236836948,0,1.0,1.0,3
30,uniform,uniform,45,5,3.267897615080625,1,1.0,0.8,1
30,uniform,uniform,46,14,5.775486410356861,1,1.0,1.0,0
30,uniform,uniform,47,14,4.9265755041376105,0,0.6666666666666666,0.8,1
30,uniform,uniform,48,9,7.111081987605851,1,0.6666666666666666,0.8,2
30,uniform,uniform,49,10,4.80173227194352,1,1.0,1.0,1
30,uniform,vigna,0,15,10.390653313201726,1,0.6666666666666666,1.0,3
30,uniform,vigna,1,13,9.8605454183829,1,0.6666666666666666,0.8,3
30,uniform,vigna,2,12,5.514182189874063,1,1.0,1.0,1
30,uniform,vigna,3,12,6.073644736490434,1,0.6666666666666666,1.0,1
30,uniform,vigna,4,12,4.9918075662132955,0,1.0,0.8,1
30,uniform,vigna,5,6,4.793673403020204,1,1.0,0.8,0
30,uniform,vigna,6,7,5.30796144432181,1,0.6666666666666666,0.8,1
30,uniform,vigna,7,22,14.338417359906517,0,0.3333333333333333,0.6,6
30,uniform,vigna,8,5,7.113001163665058,1,1.0,1.0,0
30,uniform,vigna,9,12,6.846204433181621,0,1.0,0.8,2
30,uniform,vigna,10,12,4.157992425016165,1,1.0,1.0,2
30,uniform,vigna,11,13,7.914704658228309,0,0.6666666666666666,1.0,2
30,uniform,vigna,12,9,7.552156154758425,1,1.0,1.0,1
30,uniform,vigna,13,6,5.905918346209056,0,1.0,0.8,1
30,uniform,vigna,14,23,6.452671420173933,1,0.6666666666666666,0.8,3
30,uniform,vigna,15,13,9.151899559751575,0,0.6666666666666666,1.0,3
30,uniform,vigna,16,7,3.012965701960005,1,1.0,0.8,0
30,uniform,vigna,17,15,6.310943848617979,0,1.0,0.8,2
30,uniform,vigna,18,18,20.00929765427476,0,0.6666666666666666,0.8,5
30,uniform,vigna,19,13,6.082168062037373,1,0.6666666666666666,0.8,0
30,uniform,vigna,20,20,6.639345783149014,0,0.6666666666666666,1.0,2
30,uniform,vigna,21,10,9.605494644667935,0,1.0,0.8,1
30,uniform,vigna,22,13,6.696813918716165,0,1.0,1.0,2
30,uniform,vigna,23,17,6.054346760891483,1,1.0,0.8,1
30,uniform,vigna,24,8,5.901657476084312,1,1.0,0.8,2
30,uniform,vigna,25,15,9.107174632901122,0,1.0,1.0,1
30,uniform,vigna,26,12,7.626281176507025,1,0.6666666666666666,0.8,1
30,uniform,vigna,27,13,5.731985366979024,1,1.0,1.0,0
30,uniform,vigna,28,7,6.659692695667965,1,1.0,1.0,1
30,uniform,vigna,29,16,6.753268011384524,1,0.6666666666666666,0.8,3
30,uniform,vigna,30,12,5.615818822824129,0,1.0,1.0,3
30,uniform,vigna,31,18,5.839559060385726,1,0.6666666666666666,0.6,1
30,uniform,vigna,32,17,8.27188626225849,1,0.6666666666666666,0.8,2
30,uniform,vigna,33,13,5.401410508323067,1,1.0,1.0,0
30,uniform,vigna,34,10,8.088393091987793,0,1.0,1.0,1
30,uniform,vigna,35,13,7.362241228764385,0,0.6666666666666666,0.8,2
30,uniform,vigna,36,7,6.628651675397441,1,1.0,0.8,0
30,uniform,vigna,37,19,5.466524297861485,0,0.6666666666666666,0.8,3
30,uniform,vigna,38,10,5.751442066950834,1,0.6666666666666666,0.8,1
30,uniform,vigna,39,13,5.735978363600247,1,1.0,0.8,1
30,uniform,vigna,40,15,7.270941011149914,1,0.6666666666666666,0.8,1
30,uniform,vigna,41,5,2.7070725873578825,1,1.0,1.0,1
30,uniform,vigna,42,12,5.153435965401531,0,0.6666666666666666,1.0,3
30,uniform,vigna,43,12,9.11260140872222,0,0.6666666666666666,0.8,4
30,uniform,vigna,44,7,6.285104236836948,0,1.0,1.0,3
30,uniform,vigna,45,9,5.537871567995719,1,1.0,0.8,1
30,uniform,vigna,46,14,7.6659838054850145,1,1.0,1.0,0
30,uniform,vigna,47,14,4.9265755041376105,0,0.6666666666666666,0.8,1
30,uniform,vigna,48,9,5.287491763454317,1,0.6666666666666666,1.0,2
30,uniform,vigna,49,11,4.543145227077664,1,1.0,1.0,2
30,uniform,quadratic,0,19,13.638636140068519,1,0.6666666666666666,1.0,3
30,uniform,quadratic,1,15,11.502751587080692,1,0.6666666666666666,0.8,3
30,uniform,quadratic,2,18,11.710061990171242,1,1.0,1.0,0
30,uniform,quadratic,3,15,8.251870074183186,1,0.6666666666666666,1.0,1
30,uniform,quadratic,4,15,5.561595735896288,0,1.0,0.6,1
30,uniform,quadratic,5,9,6.859956862381402,1,0.6666666666666666,1.0,1
30,uniform,quadratic,6,10,6.004076153797592,1,0.6666666666666666,0.8,1
30,uniform,quadratic,7,24,13.079801099998681,0,0.3333333333333333,0.8,6
30,uniform,quadratic,8,8,9.827931106551498,1,1.0,0.8,0
30,uniform,quadratic,9,15,5.956462078068534,0,1.0,0.8,1
30,uniform,quadratic,10,15,5.790777303369722,1,1.0,1.0,2
30,uniform,quadratic,11,19,9.039198322018805,0,0.6666666666666666,1.0,2
30,uniform,quadratic,12,18,11.471131547888708,1,0.6666666666666666,1.0,3
30,uniform,quadratic,13,9,5.344066831146214,1,1.0,0.8,0
30,uniform,quadratic,14,21,9.294445554420546,1,0.6666666666666666,0.8,3
30,uniform,quadratic,15,14,9.591725290157187,0,0.6666666666666666,1.0,4
30,uniform,quadratic,16,10,4.26014497845448,1,1.0,1.0,0
30,uniform,quadratic,17,15,6.310943848617979,0,1.0,0.8,2
30,uniform,quadratic,18,19,20.67499453097767,0,0.6666666666666666,0.8,5
30,uniform,quadratic,19,17,10.470887180957632,1,0.6666666666666666,0.6,0
30,uniform,quadratic,20,23,9.463599082307239,0,0.6666666666666666,1.0,2
30,uniform,quadratic,21,17,11.236271117382104,0,1.0,0.8,1
30,uniform,quadratic,22,11,9.063042583132564,0,1.0,1.0,2
30,uniform,quadratic,23,21,7.091711452086465,1,1.0,0.8,1
30,uniform,quadratic,24,10,9.215531567880195,1,1.0,0.8,2
30,uniform,quadratic,25,13,10.388977341975455,0,1.0,1.0,1
30,uniform,quadratic,26,12,7.553726978145807,1,0.6666666666666666,0.8,1
30,uniform,quadratic,27,12,6.161511801340137,1,1.0,1.0,0
30,uniform,quadratic,28,12,12.892908942642961,1,1.0,1.0,1
30,uniform,quadratic,29,19,7.503193986174312,1,0.6666666666666666,0.8,3
30,uniform,quadratic,30,16,9.19210809112722,0,0.6666666666666666,0.8,4
30,uniform,quadratic,31,29,10.926328016173645,1,0.6666666666666666,0.6,1
30,uniform,quadratic,32,20,9.918162041658398,1,0.6666666666666666,0.8,2
30,uniform,quadratic,33,18,5.79096902220772,1,1.0,1.0,0
30,uniform,quadratic,34,14,9.59518924506772,0,1.0,1.0,2
30,uniform,quadratic,35,15,8.102867120824566,0,0.6666666666666666,0.8,2
30,uniform,quadratic,36,9,8.974299627490915,1,1.0,0.8,0
30,uniform,quadratic,37,21,6.805387121427107,0,0.6666666666666666,0.8,3
30,uniform,quadratic,38,18,7.169631282110503,1,0.6666666666666666,0.8,1
30,uniform,quadratic,39,18,10.028398093614653,1,0.6666666666666666,0.8,2
30,uniform,quadratic,40,17,9.483144391952441,1,0.6666666666666666,0.8,2
30,uniform,quadratic,41,12,4.870067625310885,1,1.0,0.8,1
30,uniform,quadratic,42,15,5.310320428729413,0,0.6666666666666666,1.0,3
30,uniform,quadratic,43,10,11.053603535527955,0,0.6666666666666666,1.0,4
30,uniform,quadratic,44,10,6.181577637108767,0,1.0,1.0,3
30,uniform,quadratic,45,14,7.467097445525788,1,1.0,0.8,1
30,uniform,quadratic,46,23,9.588332028607626,1,1.0,1.0,0
30,uniform,quadratic,47,16,7.733610678542814,0,0.6666666666666666,0.8,1
30,uniform,quadratic,48,8,4.574875155770952,1,0.6666666666666666,1.0,1
30,uniform,quadratic,49,14,5.564442029103629,1,1.0,1.0,2
30,skill_matched,uniform,0,14,11.912036013325915,1,0.6666666666666666,1.0,1
30,skill_matched,uniform,1,23,36.98985928970906,1,1.0,1.0,1
30,skill_matched,uniform,2,16,15.2800749581886,0,0.6666666666666666,0.8,4
30,skill_matched,uniform,3,13,10.930485614572918,1,1.0,0.8,1
30,skill_matched,uniform,4,26,12.397434021099995,1,0.6666666666666666,0.8,4
30,skill_matched,uniform,5,13,21.0506036002612,0,0.3333333333333333,0.8,5
30,skill_matched,uniform,6,19,27.08751464166434,0,0.6666666666666666,0.8,4
30,skill_matched,uniform,7,24,13.599445330506944,0,0.6666666666666666,0.6,2
30,skill_matched,uniform,8,5,9.563298806607449,1,0.6666666666666666,0.8,1
30,skill_matched,uniform,9,19,15.001347966704465,1,0.6666666666666666,0.8,1
30,skill_matched,uniform,10,16,10.261461372289542,0,1.0,1.0,2
30,skill_matched,uniform,11,22,34.837197524348426,0,0.6666666666666666,0.8,5
30,skill_matched,uniform,12,7,3.613446636600904,1,1.0,1.0,1
30,skill_matched,uniform,13,17,11.913878596868834,1,0.6666666666666666,1.0,2
30,skill_matched,uniform,14,20,11.31988112220411,1,1.0,0.8,1
30,skill_matched,uniform,15,20,7.5808620316357365,1,0.6666666666666666,0.8,1
30,skill_matched,uniform,16,16,13.022409348880572,0,1.0,0.8,3
30,skill_matched,uniform,17,25,25.21401787289487,0,1.0,1.0,1
30,skill_matched,uniform,18,16,23.70486961028951,1,0.3333333333333333,0.8,4
30,skill_matched,uniform,19,13,7.028043783814038,1,0.6666666666666666,0.8,2
30,skill_matched,uniform,20,22,12.630303762257329,1,0.6666666666666666,0.8,3
30,skill_matched,uniform,21,18,12.398082746017085,1,1.0,0.8,1
30,skill_matched,uniform,22,14,9.38033848181457,0,0.6666666666666666,1.0,6
30,skill_matched,uniform,23,11,5.290158413378593,1,1.0,1.0,0
30,skill_matched,uniform,24,8,5.287676540692884,1,1.0,1.0,1
30,skill_matched,uniform,25,35,26.15111947717084,1,0.3333333333333333,0.6,4
30,skill_matched,uniform,26,16,12.060345626939686,1,0.6666666666666666,0.8,1
30,skill_matched,uniform,27,17,12.72097002063409,1,0.6666666666666666,0.8,3
30,skill_matched,uniform,28,34,27.23428375153064,0,0.6666666666666666,0.8,4
30,skill_matched,uniform,29,29,21.663201209559563,0,0.3333333333333333,0.8,6
30,skill_matched,uniform,30,7,4.062186392124218,1,0.6666666666666666,1.0,2
30,skill_matched,uniform,31,15,11.365134910898322,1,0.6666666666666666,1.0,2
30,skill_matched,uniform,32,13,8.09849777006359,1,0.6666666666666666,0.8,3
30,skill_matched,uniform,33,24,20.472930046663368,0,0.3333333333333333,0.6,6
30,skill_matched,uniform,34,8,9.457566246723669,0,1.0,0.8,2
30,skill_matched,uniform,35,12,5.390849527633087,1,1.0,1.0,1
30,skill_matched,uniform,36,24,22.270067039909694,0,0.3333333333333333,0.6,2
30,skill_matched,uniform,37,17,21.242808632100967,1,1.0,1.0,1
30,skill_matched,uniform,38,9,5.860178631694522,1,1.0,1.0,2
30,skill_matched,uniform,39,23,29.976713121386204,0,0.6666666666666666,0.8,4
30,skill_matched,uniform,40,12,6.334072622770685,1,0.6666666666666666,1.0,3
30,skill_matched,uniform,41,21,11.457621429984815,1,0.6666666666666666,0.8,3
30,skill_matched,uniform,42,9,10.517491060910686,0,0.6666666666666666,0.8,4
30,skill_matched,uniform,43,10,7.974605844251192,1,0.6666666666666666,1.0,1
30,skill_matched,uniform,44,16,16.908632789351344,1,1.0,1.0,0
30,skill_matched,uniform,45,8,4.713368661890735,1,1.0,1.0,0
30,skill_matched,uniform,46,12,2.984129753068147,0,1.0,0.8,2
30,skill_matched,uniform,47,31,16.664083254069357,0,0.3333333333333333,0.6,7
30,skill_matched,uniform,48,11,5.300103372212064,1,0.6666666666666666,1.0,2
30,skill_matched,uniform,49,14,11.930298599355435,1,0.6666666666666666,1.0,3
30,skill_matched,vigna,0,16,13.702436882855368,1,0.6666666666666666,1.0,1
30,skill_matched,vigna,1,28,34.53777008087352,1,1.0,0.6,1
30,skill_matched,vigna,2,17,18.378691002104205,0,0.6666666666666666,0.8,4
30,skill_matched,vigna,3,14,12.101716927192168,1,0.6666666666666666,0.8,2
30,skill_matched,vigna,4,25,10.984217807709934,1,0.6666666666666666,0.8,4
30,skill_matched,vigna,5,12,22.338493586384903,0,0.6666666666666666,0.8,5
30,skill_matched,vigna,6,16,31.967585003145736,0,0.6666666666666666,0.8,4
30,skill_matched,vigna,7,23,13.120945518207405,0,0.6666666666666666,0.6,2
30,skill_matched,vigna,8,8,9.463575905918972,1,0.6666666666666666,0.8,1
30,skill_matched,vigna,9,24,16.93060046379517,1,0.6666666666666666,0.6,1
30,skill_matched,vigna,10,15,11.90757742629343,0,1.0,1.0,2
30,skill_matched,vigna,11,25,33.046053525975225,0,0.6666666666666666,0.8,5
30,skill_matched,vigna,12,8,3.9461119039005688,1,1.0,1.0,1
30,skill_matched,vigna,13,17,9.93091814693189,1,0.6666666666666666,1.0,2
30,skill_matched,vigna,14,17,11.658480970894484,1,1.0,0.8,0
30,skill_matched,vigna,15,20,9.369800441185074,1,0.6666666666666666,0.8,2
30,skill_matched,vigna,16,18,12.86582377034404,0,1.0,0.8,2
30,skill_matched,vigna,17,26,24.13236405546761,0,1.0,1.0,1
30,skill_matched,vigna,18,16,23.70486961028951,1,0.3333333333333333,0.8,4
30,skill_matched,vigna,19,12,8.845024130034222,1,1.0,0.8,1
30,skill_matched,vigna,20,19,11.62213726441527,1,0.6666666666666666,0.8,3
30,skill_matched,vigna,21,14,10.210821854751718,1,1.0,0.8,1
30,skill_matched,vigna,22,15,10.156123776124925,0,0.6666666666666666,0.8,4
30,skill_matched,vigna,23,8,4.83085668843284,1,1.0,1.0,0
30,skill_matched,vigna,24,11,6.654710570928267,1,1.0,1.0,1
30,skill_matched,vigna,25,38,25.996377377354364,1,0.3333333333333333,0.6,4
30,skill_matched,vigna,26,18,12.883058877297843,1,0.6666666666666666,0.8,1
30,skill_matched,vigna,27,15,12.32684044365571,1,0.6666666666666666,0.8,3
30,skill_matched,vigna,28,36,28.86345899616246,0,0.6666666666666666,0.8,2
30,skill_matched,vigna,29,30,21.246618511632906,0,0.6666666666666666,0.8,5
30,skill_matched,vigna,30,5,3.2716226911944717,1,1.0,1.0,1
30,skill_matched,vigna,31,19,9.968638264141461,1,0.6666666666666666,1.0,2
30,skill_matched,vigna,32,10,4.808172447408062,1,0.6666666666666666,1.0,3
30,skill_matched,vigna,33,21,21.345464587337705,0,0.3333333333333333,0.8,5
30,skill_matched,vigna,34,6,6.871670347006446,0,1.0,0.8,1
30,skill_matched,vigna,35,16,6.626175812179605,1,0.6666666666666666,1.0,3
30,skill_matched,vigna,36,25,25.596751636364807,0,0.3333333333333333,0.6,3
30,skill_matched,vigna,37,18,23.552819183273638,1,1.0,1.0,1
30,skill_matched,vigna,38,10,5.709701371457238,1,0.6666666666666666,1.0,3
30,skill_matched,vigna,39,19,27.178771005578877,0,0.6666666666666666,0.8,4
30,skill_matched,vigna,40,9,6.020275031262835,1,1.0,1.0,2
30,skill_matched,vigna,41,16,11.330663240670411,1,0.6666666666666666,1.0,2
30,skill_matched,vigna,42,11,8.656859883068018,0,1.0,0.8,3
30,skill_matched,vigna,43,12,8.70369460952972,1,0.6666666666666666,1.0,1
30,skill_matched,vigna,44,18,14.559689390846566,1,1.0,1.0,2
30,skill_matched,vigna,45,9,4.887849951707886,1,0.6666666666666666,0.8,2
30,skill_matched,vigna,46,14,4.101122125057708,0,1.0,0.6,2
30,skill_matched,vigna,47,34,16.498565787752337,0,0.3333333333333333,0.6,6
30,skill_matched,vigna,48,9,5.0196415035034,1,1.0,1.0,1
30,skill_matched,vigna,49,10,9.589041515449798,1,0.6666666666666666,1.0,3
30,skill_matched,quadratic,0,24,17.04543866987891,1,0.6666666666666666,0.8,3
30,skill_matched,quadratic,1,42,37.80574589297943,1,0.6666666666666666,0.4,1
30,skill_matched,quadratic,2,26,21.205792044685158,0,0.6666666666666666,0.6,3
30,skill_matched,quadratic,3,19,14.042240654319633,1,0.6666666666666666,0.8,3
30,skill_matched,quadratic,4,24,10.289753110859078,1,0.6666666666666666,0.8,3
30,skill_matched,quadratic,5,14,23.74046015235329,0,0.6666666666666666,0.8,5
30,skill_matched,quadratic,6,18,30.366729004741117,0,0.6666666666666666,0.8,4
30,skill_matched,quadratic,7,23,13.905809064656841,0,0.6666666666666666,0.6,2
30,skill_matched,quadratic,8,15,16.388773702296586,1,0.6666666666666666,0.8,1
30,skill_matched,quadratic,9,29,18.63375759434868,1,0.6666666666666666,0.6,2
30,skill_matched,quadratic,10,24,11.663166889655285,0,1.0,1.0,2
30,skill_matched,quadratic,11,30,33.57704818946294,0,0.6666666666666666,0.8,5
30,skill_matched,quadratic,12,12,4.5017501545233225,1,1.0,1.0,1
30,skill_matched,quadratic,13,25,12.772334544387101,1,0.6666666666666666,1.0,2
30,skill_matched,quadratic,14,24,18.13661233857434,1,1.0,0.8,0
30,skill_matched,quadratic,15,26,11.784157905462926,1,0.6666666666666666,0.8,2
30,skill_matched,quadratic,16,28,13.693075298538862,0,1.0,0.8,2
30,skill_matched,quadratic,17,37,25.698731544135377,0,0.6666666666666666,0.8,2
30,skill_matched,quadratic,18,18,22.24902724450966,1,0.3333333333333333,0.8,4
30,skill_matched,quadratic,19,14,8.902185027845585,1,1.0,0.8,1
30,skill_matched,quadratic,20,23,9.78964907890395,1,0.6666666666666666,0.8,3
30,skill_matched,quadratic,21,22,13.711630830489378,1,1.0,0.8,1
30,skill_matched,quadratic,22,18,13.55890486651982,0,0.6666666666666666,0.8,4
30,skill_matched,quadratic,23,10,6.402030322278037,1,1.0,1.0,1
30,skill_matched,quadratic,24,18,8.32638634136213,1,1.0,0.8,1
30,skill_matched,quadratic,25,43,27.436565012996844,1,0.3333333333333333,0.6,4
30,skill_matched,quadratic,26,21,14.45505531387885,1,0.6666666666666666,0.8,1
30,skill_matched,quadratic,27,26,13.101970174021973,1,0.3333333333333333,0.8,5
30,skill_matched,quadratic,28,38,27.199535132830785,0,0.3333333333333333,0.6,3
30,skill_matched,quadratic,29,35,22.552900627413507,0,0.6666666666666666,0.8,5
30,skill_matched,quadratic,30,3,1.449267085316028,1,1.0,1.0,1
30,skill_matched,quadratic,31,24,10.303808642905288,1,0.6666666666666666,1.0,3
30,skill_matched,quadratic,32,15,8.117129713800773,1,1.0,0.8,2
30,skill_matched,quadratic,33,22,23.475003869624732,0,0.3333333333333333,0.8,5
30,skill_matched,quadratic,34,8,9.17335777722153,0,1.0,0.8,1
30,skill_matched,quadratic,35,21,13.514145954985084,1,0.6666666666666666,0.8,2
30,skill_matched,quadratic,36,34,24.5038415983831,0,0.0,0.6,4
30,skill_matched,quadratic,37,22,21.195273336616356,1,0.6666666666666666,1.0,2
30,skill_matched,quadratic,38,14,8.332789398734215,1,0.6666666666666666,0.8,4
30,skill_matched,quadratic,39,25,26.644279673417987,0,0.6666666666666666,0.8,4
30,skill_matched,quadratic,40,9,6.773947342718305,1,1.0,1.0,1
30,skill_matched,quadratic,41,20,9.977836782785733,1,0.6666666666666666,1.0,2
30,skill_matched,quadratic,42,19,12.962874490946906,0,1.0,0.8,3
30,skill_matched,quadratic,43,16,9.984528654186846,1,0.6666666666666666,1.0,1
30,skill_matched,quadratic,44,28,16.116792685234692,1,1.0,0.8,2
30,skill_matched,quadratic,45,14,6.892312971769089,1,0.6666666666666666,0.8,2
30,skill_matched,quadratic,46,24,8.418010138245947,0,1.0,0.6,2
30,skill_matched,quadratic,47,39,19.741369840686726,0,0.3333333333333333,0.6,6
30,skill_matched,quadratic,48,20,9.94300780474051,1,1.0,1.0,2
30,skill_matched,quadratic,49,10,12.18402986695251,1,0.6666666666666666,1.0,3
50,uniform,uniform,0,7,2.5867257079064894,1,1.0,1.0,0
50,uniform,uniform,1,10,8.60934530709086,0,0.6666666666666666,0.8,3
50,uniform,uniform,2,6,3.7076052297783577,1,1.0,0.8,1
50,uniform,uniform,3,12,5.086203487121885,0,0.6666666666666666,1.0,2
50,uniform,uniform,4,6,2.715948162375812,1,1.0,1.0,0
50,uniform,uniform,5,9,3.0176601957035114,1,1.0,1.0,0
50,uniform,uniform,6,5,6.183256475436683,1,0.6666666666666666,0.8,1
50,uniform,uniform,7,12,4.7341920071852615,1,1.0,0.8,1
50,uniform,uniform,8,9,7.330447000124427,0,0.6666666666666666,0.8,4
50,uniform,uniform,9,7,13.656491622080113,1,0.6666666666666666,0.8,2
50,uniform,uniform,10,9,3.302402597059223,1,1.0,1.0,1
50,uniform,uniform,11,9,8.142518544745801,0,0.6666666666666666,1.0,2
50,uniform,uniform,12,8,4.708086476615399,1,0.6666666666666666,1.0,2
50,uniform,uniform,13,9,6.484339490516239,0,1.0,1.0,2
50,uniform,uniform,14,11,3.2631879431861135,1,0.6666666666666666,0.8,2
50,uniform,uniform,15,9,2.768475667340861,1,0.6666666666666666,0.8,1
50,uniform,uniform,16,7,3.4160505467126967,1,1.0,1.0,0
50,uniform,uniform,17,5,5.993117705154003,1,1.0,1.0,2
50,uniform,uniform,18,14,20.09269009524053,0,0.6666666666666666,0.8,5
50,uniform,uniform,19,4,3.2217561665487686,1,1.0,0.8,0
50,uniform,uniform,20,16,3.745342527071605,0,0.6666666666666666,0.8,2
50,uniform,uniform,21,7,10.309167012256719,1,1.0,1.0,0
50,uniform,uniform,22,11,2.6347394563871416,1,0.6666666666666666,1.0,3
50,uniform,uniform,23,9,2.360847456509641,1,1.0,0.8,1
50,uniform,uniform,24,11,8.420674988594987,0,1.0,0.8,4
50,uniform,uniform,25,11,6.577133294274673,0,1.0,0.8,1
50,uniform,uniform,26,9,5.124355857673753,1,0.6666666666666666,0.8,1
50,uniform,uniform,27,8,5.237449616114883,1,1.0,1.0,0
50,uniform,uniform,28,7,4.55598253224863,1,1.0,1.0,1
50,uniform,uniform,29,6,4.368456875239208,1,1.0,1.0,0
50,uniform,uniform,30,8,6.054065824970123,1,1.0,1.0,1
50,uniform,uniform,31,17,3.808433903819426,1,1.0,0.8,1
50,uniform,uniform,32,9,4.687702641592316,1,0.6666666666666666,1.0,1
50,uniform,uniform,33,6,2.2220800553000615,1,1.0,1.0,0
50,uniform,uniform,34,5,7.438506281378468,0,1.0,1.0,1
50,uniform,uniform,35,8,6.528361214268393,1,1.0,1.0,0
50,uniform,uniform,36,6,2.2226042199267546,1,1.0,1.0,0
50,uniform,uniform,37,14,4.906388086979108,0,1.0,0.8,2
50,uniform,uniform,38,7,2.260697032303954,1,1.0,0.8,1
50,uniform,uniform,39,11,6.093250631990344,1,0.6666666666666666,1.0,2
50,uniform,uniform,40,12,7.590587274531008,1,0.6666666666666666,0.8,1
50,uniform,uniform,41,7,1.9889111765794414,0,1.0,1.0,2
50,uniform,uniform,42,7,4.139900411323816,0,1.0,1.0,2
50,uniform,uniform,43,6,5.312641648702137,1,1.0,1.0,0
50,uniform,uniform,44,4,2.9483201652825652,1,1.0,1.0,1
50,uniform,uniform,45,9,5.112764783306241,1,1.0,0.8,1
50,uniform,uniform,46,9,3.8206446552076962,1,1.0,1.0,0
50,uniform,uniform,47,14,4.369293402804044,0,0.6666666666666666,0.8,2
50,uniform,uniform,48,1,4.854379555032864,1,1.0,1.0,0
50,uniform,uniform,49,7,4.551810478228954,1,1.0,1.0,1
50,uniform,vigna,0,7,3.3131021291423326,1,1.0,1.0,0
50,uniform,vigna,1,9,9.164384561590163,1,0.6666666666666666,0.8,2
50,uniform,vigna,2,5,4.157690511403739,1,1.0,1.0,1
50,uniform,vigna,3,11,4.607093506466972,0,0.6666666666666666,1.0,2
50,uniform,vigna,4,9,3.4613081466536846,1,0.6666666666666666,0.8,1
50,uniform,vigna,5,4,1.9675963305821327,1,1.0,1.0,0
50,uniform,vigna,6,8,5.3527452978239305,1,0.6666666666666666,0.8,1
50,uniform,vigna,7,12,4.7341920071852615,1,1.0,0.8,1
50,uniform,vigna,8,9,7.330447000124427,0,0.6666666666666666,0.8,4
50,uniform,vigna,9,7,10.383862841946648,1,0.6666666666666666,0.8,1
50,uniform,vigna,10,9,4.226688005022921,1,1.0,1.0,1
50,uniform,vigna,11,9,7.542509933428097,0,0.6666666666666666,1.0,2
50,uniform,vigna,12,10,5.163116166591102,1,0.6666666666666666,1.0,2
50,uniform,vigna,13,7,3.121444772582726,1,1.0,0.8,1
50,uniform,vigna,14,11,3.2631879431861135,1,0.6666666666666666,0.8,2
50,uniform,vigna,15,8,3.088180983276901,1,0.6666666666666666,0.8,1
50,uniform,vigna,16,8,2.8943892862050777,1,1.0,1.0,0
50,uniform,vigna,17,7,8.669792554520424,1,1.0,0.8,2
50,uniform,vigna,18,12,19.280586026188942,0,0.6666666666666666,0.8,5
50,uniform,vigna,19,6,5.16013838519099,1,0.6666666666666666,0.8,0
50,uniform,vigna,20,16,5.439535365536449,0,0.6666666666666666,0.8,2
50,uniform,vigna,21,8,9.307885085300166,1,1.0,1.0,0
50,uniform,vigna,22,10,3.6811976202040526,1,1.0,0.8,1
50,uniform,vigna,23,10,3.304846302408997,1,1.0,0.8,1
50,uniform,vigna,24,10,8.910693944630662,0,1.0,0.8,3
50,uniform,vigna,25,10,7.097410031089856,0,1.0,0.8,1
50,uniform,vigna,26,9,6.174098010885332,1,0.6666666666666666,1.0,1
50,uniform,vigna,27,10,5.302404395998089,1,1.0,1.0,0
50,uniform,vigna,28,6,4.802389869660385,1,1.0,1.0,1
50,uniform,vigna,29,8,3.7001197819365945,1,1.0,1.0,1
50,uniform,vigna,30,11,6.443114742557131,1,1.0,1.0,2
50,uniform,vigna,31,22,5.098057873020714,1,1.0,0.8,1
50,uniform,vigna,32,10,5.311169295157994,1,0.6666666666666666,1.0,1
50,uniform,vigna,33,7,2.856365819392402,1,1.0,1.0,0
50,uniform,vigna,34,4,4.2581349790544145,1,1.0,1.0,0
50,uniform,vigna,35,8,6.528361214268393,1,1.0,1.0,0
50,uniform,vigna,36,4,2.4606009636127535,1,1.0,1.0,0
50,uniform,vigna,37,15,4.5958505066182065,0,1.0,0.8,2
50,uniform,vigna,38,9,3.8739334593547343,1,0.6666666666666666,0.8,1
50,uniform,vigna,39,12,6.530065305045793,1,0.6666666666666666,1.0,2
50,uniform,vigna,40,12,8.422778480064446,1,0.6666666666666666,0.8,1
50,uniform,vigna,41,8,2.343498667617304,0,1.0,1.0,2
50,uniform,vigna,42,9,4.619773238026884,0,1.0,1.0,2
50,uniform,vigna,43,7,5.674643969103192,1,1.0,1.0,0
50,uniform,vigna,44,5,2.7376718546315018,1,1.0,1.0,1
50,uniform,vigna,45,12,8.90627073812515,1,1.0,0.8,1
50,uniform,vigna,46,9,5.096917685980155,1,1.0,1.0,0
50,uniform,vigna,47,13,3.570344378766365,1,0.6666666666666666,0.8,1
50,uniform,vigna,48,3,2.7322601764588796,1,1.0,1.0,0
50,uniform,vigna,49,6,3.6302742221149438,1,1.0,1.0,1
50,uniform,quadratic,0,12,10.23611402460543,1,1.0,1.0,0
50,uniform,quadratic,1,12,8.95579955303459,1,0.6666666666666666,0.8,2
50,uniform,quadratic,2,5,10.008622593462745,1,1.0,1.0,0
50,uniform,quadratic,3,11,7.371648900717832,0,1.0,1.0,1
50,uniform,quadratic,4,15,5.010807967483838,1,0.6666666666666666,0.8,2
50,uniform,quadratic,5,4,3.3400114145315207,1,1.0,1.0,0
50,uniform,quadratic,6,10,7.967272556349094,1,0.6666666666666666,0.8,1
50,uniform,quadratic,7,14,6.835646845398068,1,1.0,0.8,2
50,uniform,quadratic,8,12,6.205693737711471,0,0.6666666666666666,0.8,3
50,uniform,quadratic,9,11,9.959628211815792,0,0.6666666666666666,0.8,2
50,uniform,quadratic,10,11,4.196748581729922,1,1.0,1.0,1
50,uniform,quadratic,11,17,12.436683134255167,0,0.6666666666666666,1.0,2
50,uniform,quadratic,12,14,7.432097389572531,1,0.6666666666666666,1.0,2
50,uniform,quadratic,13,9,3.2294566311712236,1,1.0,0.8,1
50,uniform,quadratic,14,10,3.852414101819531,1,0.6666666666666666,0.8,2
50,uniform,quadratic,15,6,3.5246663122695474,1,0.6666666666666666,1.0,1
50,uniform,quadratic,16,12,4.4511195311002325,1,1.0,1.0,0
50,uniform,quadratic,17,11,6.908848017737862,1,1.0,0.8,2
50,uniform,quadratic,18,11,13.090327174322304,0,0.6666666666666666,1.0,5
50,uniform,quadratic,19,10,7.62983721226112,1,0.6666666666666666,0.8,0
50,uniform,quadratic,20,19,5.839420338373963,0,0.6666666666666666,0.8,2
50,uniform,quadratic,21,8,12.055118987153714,1,1.0,1.0,0
50,uniform,quadratic,22,12,5.3616826258432155,1,1.0,0.8,1
50,uniform,quadratic,23,14,4.803377967908564,1,1.0,0.8,1
50,uniform,quadratic,24,12,8.9721734122997,0,1.0,0.8,3
50,uniform,quadratic,25,10,6.734272444021665,0,1.0,0.8,1
50,uniform,quadratic,26,12,6.5753782749025875,1,0.6666666666666666,0.8,1
50,uniform,quadratic,27,13,7.063367471493303,1,1.0,1.0,0
50,uniform,quadratic,28,9,7.790142772711576,1,1.0,0.8,1
50,uniform,quadratic,29,11,5.272038998740136,1,0.6666666666666666,1.0,2
50,uniform,quadratic,30,13,9.442625712524324,1,1.0,1.0,2
50,uniform,quadratic,31,24,5.450431406584703,1,0.6666666666666666,0.6,1
50,uniform,quadratic,32,12,5.855840413304307,1,0.6666666666666666,1.0,1
50,uniform,quadratic,33,11,4.209256931575554,1,1.0,1.0,0
50,uniform,quadratic,34,3,3.725709870508439,1,1.0,1.0,0
50,uniform,quadratic,35,11,8.10952828830208,1,1.0,1.0,0
50,uniform,quadratic,36,10,4.947206348003265,1,1.0,1.0,1
50,uniform,quadratic,37,16,5.89707038918662,0,1.0,0.8,2
50,uniform,quadratic,38,10,6.226606439307377,1,0.6666666666666666,0.8,1
50,uniform,quadratic,39,15,7.213310748757641,1,0.6666666666666666,0.8,2
50,uniform,quadratic,40,16,12.142884475467355,1,0.6666666666666666,0.8,1
50,uniform,quadratic,41,8,2.343498667617304,0,1.0,1.0,2
50,uniform,quadratic,42,11,5.442018422408491,0,1.0,1.0,2
50,uniform,quadratic,43,8,5.747332432038722,1,1.0,0.8,0
50,uniform,quadratic,44,9,3.617895123197814,1,1.0,1.0,1
50,uniform,quadratic,45,13,8.686592034509768,1,1.0,0.8,1
50,uniform,quadratic,46,16,8.365619474570993,1,1.0,1.0,0
50,uniform,quadratic,47,17,4.888409278939089,0,0.6666666666666666,0.8,2
50,uniform,quadratic,48,5,3.8246317140597994,1,0.6666666666666666,1.0,1
50,uniform,quadratic,49,9,4.087391927348357,1,1.0,1.0,1
50,skill_matched,uniform,0,7,10.787644404195278,1,1.0,1.0,0
50,skill_matched,uniform,1,11,33.423827074700085,1,1.0,1.0,0
50,skill_matched,uniform,2,8,5.3481530609558705,1,1.0,0.8,2
50,skill_matched,uniform,3,7,6.302818692098969,1,0.6666666666666666,1.0,2
50,skill_matched,uniform,4,11,4.533927953851332,1,0.6666666666666666,1.0,4
50,skill_matched,uniform,5,7,8.235103728409955,0,1.0,0.8,3
50,skill_matched,uniform,6,6,6.519375898631089,1,1.0,1.0,0
50,skill_matched,uniform,7,17,17.68413667896456,0,1.0,0.8,1
50,skill_matched,uniform,8,8,5.494569793699746,0,0.6666666666666666,0.8,3
50,skill_matched,uniform,9,3,10.276115014550834,1,1.0,1.0,0
50,skill_matched,uniform,10,7,4.587399153712577,0,1.0,1.0,1
50,skill_matched,uniform,11,18,35.203655631686615,1,0.6666666666666666,0.8,2
50,skill_matched,uniform,12,5,3.5549459246557205,1,1.0,1.0,0
50,skill_matched,uniform,13,10,5.704525471802039,1,0.6666666666666666,1.0,2
50,skill_matched,uniform,14,16,15.33297031588227,1,1.0,0.8,1
50,skill_matched,uniform,15,14,4.292932399884735,1,0.6666666666666666,1.0,2
50,skill_matched,uniform,16,15,12.212943645253718,0,1.0,0.8,2
50,skill_matched,uniform,17,17,13.845871931391441,0,1.0,1.0,2
50,skill_matched,uniform,18,9,7.488968907624017,1,0.6666666666666666,1.0,2
50,skill_matched,uniform,19,7,2.3753676731620805,1,0.6666666666666666,0.8,1
50,skill_matched,uniform,20,13,4.68476848188289,1,0.6666666666666666,0.8,3
50,skill_matched,uniform,21,12,10.981718645618109,1,1.0,0.8,1
50,skill_matched,uniform,22,7,6.217967684519915,1,0.6666666666666666,1.0,3
50,skill_matched,uniform,23,9,1.8808961160145117,1,1.0,1.0,0
50,skill_matched,uniform,24,7,3.323932955892068,1,1.0,1.0,0
50,skill_matched,uniform,25,12,12.271777778242077,1,1.0,0.8,0
50,skill_matched,uniform,26,4,3.0445307802920567,1,0.6666666666666666,1.0,1
50,skill_matched,uniform,27,10,3.646571586504481,1,1.0,0.8,1
50,skill_matched,uniform,28,21,30.968206313857785,1,1.0,0.8,1
50,skill_matched,uniform,29,12,23.06108701814159,0,0.6666666666666666,0.8,4
50,skill_matched,uniform,30,5,3.2716226911944717,1,1.0,1.0,1
50,skill_matched,uniform,31,16,15.970229528428305,1,1.0,1.0,0
50,skill_matched,uniform,32,6,3.188686102312493,1,1.0,1.0,0
50,skill_matched,uniform,33,21,23.17075776900912,0,0.3333333333333333,1.0,8
50,skill_matched,uniform,34,9,3.0840744552837247,1,1.0,0.8,1
50,skill_matched,uniform,35,6,3.1553583633811777,1,1.0,1.0,0
50,skill_matched,uniform,36,17,27.16514022682101,0,0.3333333333333333,0.8,7
50,skill_matched,uniform,37,7,5.308432346914541,1,1.0,1.0,1
50,skill_matched,uniform,38,5,6.955842147566105,1,0.6666666666666666,1.0,3
50,skill_matched,uniform,39,17,28.547646646888314,0,0.6666666666666666,0.8,4
50,skill_matched,uniform,40,10,3.7430548451706187,1,1.0,1.0,2
50,skill_matched,uniform,41,13,6.661977667504358,1,1.0,1.0,1
50,skill_matched,uniform,42,6,7.962317698739359,1,1.0,0.8,1
50,skill_matched,uniform,43,14,7.172928987833525,0,0.6666666666666666,1.0,2
50,skill_matched,uniform,44,7,5.401534444801702,1,1.0,1.0,0
50,skill_matched,uniform,45,7,1.9984208309058045,1,1.0,0.8,1
50,skill_matched,uniform,46,8,1.636382005678005,0,1.0,0.8,1
50,skill_matched,uniform,47,13,5.7168386735035694,0,0.6666666666666666,0.8,3
50,skill_matched,uniform,48,7,4.939729189643567,1,1.0,1.0,1
50,skill_matched,uniform,49,10,8.598782087475175,1,0.3333333333333333,1.0,4
50,skill_matched,vigna,0,7,15.602461903799952,1,1.0,1.0,0
50,skill_matched,vigna,1,15,24.964453070879507,1,1.0,1.0,0
50,skill_matched,vigna,2,11,5.31157125989141,1,1.0,0.8,2
50,skill_matched,vigna,3,6,4.711531246914691,1,0.6666666666666666,1.0,2
50,skill_matched,vigna,4,9,4.824332475027827,1,0.6666666666666666,1.0,3
50,skill_matched,vigna,5,3,1.8356815511994047,1,1.0,1.0,0
50,skill_matched,vigna,6,9,5.146671142232696,1,1.0,1.0,0
50,skill_matched,vigna,7,16,15.125713703600676,0,0.6666666666666666,1.0,2
50,skill_matched,vigna,8,5,4.43010812495811,0,0.6666666666666666,1.0,2
50,skill_matched,vigna,9,6,8.020577523723333,1,0.6666666666666666,1.0,1
50,skill_matched,vigna,10,11,4.440065916108637,0,1.0,1.0,2
50,skill_matched,vigna,11,16,39.126697934749956,1,0.6666666666666666,1.0,2
50,skill_matched,vigna,12,3,1.0933822359926968,1,1.0,1.0,0
50,skill_matched,vigna,13,10,5.595195646117551,1,0.6666666666666666,1.0,2
50,skill_matched,vigna,14,16,16.63737656624929,1,1.0,0.8,1
50,skill_matched,vigna,15,17,5.730731386224768,1,0.6666666666666666,1.0,2
50,skill_matched,vigna,16,16,12.65462997826286,0,1.0,0.8,2
50,skill_matched,vigna,17,11,9.088976896589266,0,1.0,1.0,2
50,skill_matched,vigna,18,10,8.360257346849439,1,0.6666666666666666,1.0,3
50,skill_matched,vigna,19,8,2.7928233173272954,1,0.6666666666666666,0.8,1
50,skill_matched,vigna,20,17,5.373432384914303,1,0.6666666666666666,0.8,3
50,skill_matched,vigna,21,9,13.741406179438538,1,1.0,1.0,1
50,skill_matched,vigna,22,9,7.296646733577792,1,0.6666666666666666,1.0,3
50,skill_matched,vigna,23,7,1.9826896442813953,1,1.0,1.0,0
50,skill_matched,vigna,24,7,4.2355534381045725,1,1.0,1.0,0
50,skill_matched,vigna,25,16,13.155264442322784,1,0.6666666666666666,0.8,1
50,skill_matched,vigna,26,6,3.2009950220588834,1,1.0,0.8,0
50,skill_matched,vigna,27,7,2.4808289248734434,1,1.0,1.0,1
50,skill_matched,vigna,28,19,35.39238422411417,1,1.0,0.8,0
50,skill_matched,vigna,29,15,14.40226534351915,0,0.6666666666666666,1.0,4
50,skill_matched,vigna,30,3,0.8825953054094763,1,1.0,1.0,1
50,skill_matched,vigna,31,18,14.502324487530977,1,1.0,1.0,1
50,skill_matched,vigna,32,6,2.5964189663130455,1,1.0,1.0,0
50,skill_matched,vigna,33,16,18.972188401741118,1,0.6666666666666666,1.0,3
50,skill_matched,vigna,34,7,2.730873136443902,1,1.0,0.8,0
50,skill_matched,vigna,35,8,5.144709755470789,1,1.0,1.0,0
50,skill_matched,vigna,36,13,16.262693727290905,0,0.6666666666666666,0.8,6
50,skill_matched,vigna,37,11,9.495997101176798,1,0.6666666666666666,1.0,2
50,skill_matched,vigna,38,5,6.955842147566105,1,0.6666666666666666,1.0,3
50,skill_matched,vigna,39,17,28.70778473005695,0,0.6666666666666666,0.8,4
50,skill_matched,vigna,40,9,4.4847485085320535,1,1.0,1.0,1
50,skill_matched,vigna,41,12,5.152033168840539,1,1.0,1.0,1
50,skill_matched,vigna,42,5,7.6028290092443624,1,1.0,0.8,0
50,skill_matched,vigna,43,10,9.379711520713784,0,0.6666666666666666,1.0,2
50,skill_matched,vigna,44,6,2.864571902332538,1,1.0,1.0,2
50,skill_matched,vigna,45,8,2.74025594945312,1,1.0,0.8,1
50,skill_matched,vigna,46,11,3.65549736731226,0,1.0,0.8,1
50,skill_matched,vigna,47,13,6.579906601038615,0,0.6666666666666666,0.8,3
50,skill_matched,vigna,48,7,6.624808189739574,1,1.0,1.0,1
50,skill_matched,vigna,49,8,9.72636402700761,1,0.3333333333333333,1.0,4
50,skill_matched,quadratic,0,16,15.1284131627693,1,0.6666666666666666,0.8,1
50,skill_matched,quadratic,1,21,22.180062206036148,1,1.0,0.8,0
50,skill_matched,quadratic,2,15,9.845599842482768,1,1.0,0.8,2
50,skill_matched,quadratic,3,11,7.165064655119597,1,0.6666666666666666,0.8,2
50,skill_matched,quadratic,4,14,6.471659607695826,1,0.6666666666666666,1.0,3
50,skill_matched,quadratic,5,4,1.7308783060157253,1,1.0,1.0,0
50,skill_matched,quadratic,6,12,12.184117267691187,1,1.0,1.0,0
50,skill_matched,quadratic,7,20,17.6608747688623,0,0.6666666666666666,1.0,2
50,skill_matched,quadratic,8,9,9.270984872852885,0,0.6666666666666666,1.0,2
50,skill_matched,quadratic,9,10,16.678730529166277,1,0.6666666666666666,0.8,2
50,skill_matched,quadratic,10,16,5.318999707656892,0,1.0,1.0,2
50,skill_matched,quadratic,11,19,32.06370813117909,1,0.6666666666666666,1.0,3
50,skill_matched,quadratic,12,6,2.310102091907376,1,1.0,1.0,1
50,skill_matched,quadratic,13,17,7.417154866937494,1,0.6666666666666666,1.0,2
50,skill_matched,quadratic,14,20,21.510336040438112,1,1.0,0.8,0
50,skill_matched,quadratic,15,26,10.151838123813105,1,0.6666666666666666,0.8,3
50,skill_matched,quadratic,16,23,13.239777782319619,0,1.0,0.8,2
50,skill_matched,quadratic,17,15,11.672384239603215,0,0.6666666666666666,1.0,3
50,skill_matched,quadratic,18,17,10.89346370587613,1,0.3333333333333333,1.0,5
50,skill_matched,quadratic,19,11,4.943989872551743,1,0.6666666666666666,0.8,1
50,skill_matched,quadratic,20,16,7.288050326548348,1,0.6666666666666666,0.8,3
50,skill_matched,quadratic,21,15,11.905136550283125,1,1.0,1.0,1
50,skill_matched,quadratic,22,11,8.054008041341335,1,0.6666666666666666,0.8,3
50,skill_matched,quadratic,23,9,3.514353825057509,1,0.6666666666666666,1.0,1
50,skill_matched,quadratic,24,11,6.9995628183190455,1,0.6666666666666666,1.0,1
50,skill_matched,quadratic,25,29,22.496648487167217,1,0.6666666666666666,0.6,3
50,skill_matched,quadratic,26,10,6.860429267637814,1,1.0,0.8,0
50,skill_matched,quadratic,27,13,3.207122571340861,1,1.0,0.8,2
50,skill_matched,quadratic,28,24,30.44852675837289,1,1.0,0.8,0
50,skill_matched,quadratic,29,19,17.92592290821423,0,0.6666666666666666,1.0,4
50,skill_matched,quadratic,30,8,3.755851793096056,1,1.0,1.0,1
50,skill_matched,quadratic,31,23,11.380618118732139,1,0.6666666666666666,1.0,2
50,skill_matched,quadratic,32,7,3.0959893314504887,1,1.0,1.0,0
50,skill_matched,quadratic,33,18,17.62581749573201,1,0.6666666666666666,1.0,3
50,skill_matched,quadratic,34,8,4.390410387599959,1,1.0,0.8,0
50,skill_matched,quadratic,35,12,5.580593872551394,1,1.0,1.0,0
50,skill_matched,quadratic,36,15,12.811875063212828,0,0.6666666666666666,0.8,4
50,skill_matched,quadratic,37,18,9.942696479141746,1,0.6666666666666666,1.0,3
50,skill_matched,quadratic,38,9,11.689494516679762,1,0.6666666666666666,0.8,4
50,skill_matched,quadratic,39,19,33.1925129987954,0,0.6666666666666666,0.8,4
50,skill_matched,quadratic,40,14,10.068935574867387,1,1.0,1.0,1
50,skill_matched,quadratic,41,17,7.552142882603484,1,1.0,1.0,1
50,skill_matched,quadratic,42,9,10.19832130467863,1,1.0,0.8,1
50,skill_matched,quadratic,43,18,14.581524423679895,0,0.6666666666666666,1.0,2
50,skill_matched,quadratic,44,15,10.80148889419916,1,1.0,0.8,2
50,skill_matched,quadratic,45,8,6.014454784725663,1,1.0,0.8,1
50,skill_matched,quadratic,46,16,4.871374008139973,0,1.0,0.6,1
50,skill_matched,quadratic,47,15,6.687451570495581,0,0.6666666666666666,0.6,3
50,skill_matched,quadratic,48,11,6.565820181284721,1,1.0,1.0,2
50,skill_matched,quadratic,49,9,13.855279393740316,1,0.6666666666666666,0.8,4
100,uniform,uniform,0,6,0.9850506595780052,1,1.0,1.0,1
100,uniform,uniform,1,3,5.1044204591768265,0,0.6666666666666666,1.0,2
100,uniform,uniform,2,4,4.0800286097385,1,1.0,1.0,1
100,uniform,uniform,3,4,3.578891346530453,1,1.0,1.0,0
100,uniform,uniform,4,8,3.4033659394548916,1,0.6666666666666666,1.0,1
100,uniform,uniform,5,8,2.5036093760745235,1,1.0,1.0,0
100,uniform,uniform,6,4,2.940340009704329,1,0.6666666666666666,1.0,1
100,uniform,uniform,7,5,1.5579110187577414,1,1.0,1.0,1
100,uniform,uniform,8,5,3.545521230884643,0,0.6666666666666666,0.8,2
100,uniform,uniform,9,4,2.049288637354554,0,1.0,1.0,1
100,uniform,uniform,10,5,3.203362381733973,1,1.0,1.0,0
100,uniform,uniform,11,7,3.048701207671089,0,0.6666666666666666,1.0,2
100,uniform,uniform,12,4,3.5836782242498053,1,0.6666666666666666,1.0,2
100,uniform,uniform,13,6,2.6302635907829406,1,1.0,1.0,0
100,uniform,uniform,14,8,3.482088907055209,1,0.6666666666666666,0.8,2
100,uniform,uniform,15,8,2.2062105792477826,1,1.0,0.8,0
100,uniform,uniform,16,4,1.526980634249199,1,1.0,1.0,0
100,uniform,uniform,17,4,5.471595239309963,1,1.0,0.8,2
100,uniform,uniform,18,7,4.0338179586112455,0,1.0,1.0,2
100,uniform,uniform,19,4,1.5823505957105972,1,1.0,0.8,0
100,uniform,uniform,20,5,1.4268290151107579,1,0.6666666666666666,1.0,1
100,uniform,uniform,21,2,2.5637197748803757,1,1.0,1.0,0
100,uniform,uniform,22,5,1.6241583439580267,1,0.6666666666666666,1.0,3
100,uniform,uniform,23,7,2.981939192864993,1,1.0,1.0,1
100,uniform,uniform,24,5,4.188575058771832,1,1.0,0.8,2
100,uniform,uniform,25,3,2.2817284322672293,1,1.0,1.0,1
100,uniform,uniform,26,5,3.738640137346556,1,0.6666666666666666,1.0,2
100,uniform,uniform,27,2,0.47604532913500464,1,1.0,1.0,0
100,uniform,uniform,28,4,2.9071373067098314,1,1.0,1.0,0
100,uniform,uniform,29,6,3.1974904445483787,0,0.6666666666666666,1.0,2
100,uniform,uniform,30,3,5.208773826777903,1,1.0,1.0,0
100,uniform,uniform,31,7,1.6163434190028556,1,1.0,0.8,1
100,uniform,uniform,32,7,2.6178350682836538,1,0.6666666666666666,1.0,2
100,uniform,uniform,33,6,2.2231824876565525,1,1.0,1.0,0
100,uniform,uniform,34,2,2.989368610310695,1,1.0,1.0,0
100,uniform,uniform,35,7,3.005548669467765,1,1.0,1.0,1
100,uniform,uniform,36,5,3.1513230610239247,1,0.6666666666666666,1.0,1
100,uniform,uniform,37,9,1.7345231613270249,1,1.0,0.8,0
100,uniform,uniform,38,7,2.2338307614971495,1,1.0,0.8,0
100,uniform,uniform,39,5,1.9656520557843038,1,1.0,1.0,0
100,uniform,uniform,40,10,6.1215241924496615,1,0.6666666666666666,0.8,1
100,uniform,uniform,41,8,2.438115635875116,0,1.0,1.0,1
100,uniform,uniform,42,7,1.5873974727167106,0,1.0,1.0,2
100,uniform,uniform,43,5,1.3809317715290774,0,1.0,1.0,1
100,uniform,uniform,44,3,3.6111320261425632,1,1.0,1.0,0
100,uniform,uniform,45,7,1.8398475583155585,1,1.0,0.8,1
100,uniform,uniform,46,9,3.1760196951704813,1,1.0,1.0,1
100,uniform,uniform,47,5,1.7056475957973078,1,1.0,0.8,0
100,uniform,uniform,48,1,0.9641936907949571,1,1.0,1.0,0
100,uniform,uniform,49,5,2.006197215376068,0,1.0,1.0,2
100,uniform,vigna,0,3,1.017198635818346,1,1.0,1.0,1
100,uniform,vigna,1,8,5.491227137267893,0,0.6666666666666666,0.8,2
100,uniform,vigna,2,3,6.218344014547017,1,1.0,1.0,0
100,uniform,vigna,3,6,3.2191521956337894,1,1.0,1.0,1
100,uniform,vigna,4,9,2.2244185174650033,1,0.6666666666666666,0.8,1
100,uniform,vigna,5,8,2.628497860076985,1,1.0,1.0,0
100,uniform,vigna,6,6,2.0741426833134184,1,0.6666666666666666,1.0,1
100,uniform,vigna,7,6,2.591825624401146,1,0.6666666666666666,1.0,2
100,uniform,vigna,8,4,2.892316397715259,1,0.6666666666666666,0.8,1
100,uniform,vigna,9,6,2.6785715185151724,0,1.0,1.0,1
100,uniform,vigna,10,4,1.7712368380009629,1,1.0,1.0,0
100,uniform,vigna,11,8,7.721751242265572,0,0.6666666666666666,1.0,2
100,uniform,vigna,12,4,3.5836782242498053,1,0.6666666666666666,1.0,2
100,uniform,vigna,13,6,2.6302635907829406,1,1.0,1.0,0
100,uniform,vigna,14,8,3.1023676139995526,1,0.6666666666666666,1.0,2
100,uniform,vigna,15,7,2.250574530287342,1,1.0,0.8,0
100,uniform,vigna,16,5,2.2240579554633313,1,1.0,0.8,0
100,uniform,vigna,17,5,5.049719571415755,1,1.0,0.8,2
100,uniform,vigna,18,6,3.4264966716183074,0,1.0,1.0,2
100,uniform,vigna,19,4,1.749066771675409,1,1.0,0.8,0
100,uniform,vigna,20,4,1.4700266558353512,1,1.0,1.0,0
100,uniform,vigna,21,1,2.2808395298305726,1,1.0,1.0,0
100,uniform,vigna,22,5,1.4801180562962912,1,0.6666666666666666,1.0,3
100,uniform,vigna,23,7,2.353075310895083,1,1.0,1.0,0
100,uniform,vigna,24,4,4.854126940724097,1,1.0,0.8,2
100,uniform,vigna,25,5,2.6696009371064067,1,1.0,0.8,1
100,uniform,vigna,26,6,5.056545553771396,1,0.6666666666666666,1.0,2
100,uniform,vigna,27,3,0.5614058719445533,1,1.0,1.0,0
100,uniform,vigna,28,5,3.960738914669844,1,1.0,1.0,0
100,uniform,vigna,29,6,5.246843102457184,0,1.0,1.0,1
100,uniform,vigna,30,3,3.9587353673164856,1,1.0,1.0,0
100,uniform,vigna,31,8,2.347510603764057,1,1.0,0.8,0
100,uniform,vigna,32,9,3.605490823012163,1,0.6666666666666666,1.0,3
100,uniform,vigna,33,7,2.8573107614122515,1,1.0,1.0,0
100,uniform,vigna,34,2,3.2751519511231635,1,1.0,1.0,0
100,uniform,vigna,35,8,2.808537102655995,1,1.0,1.0,1
100,uniform,vigna,36,4,2.9255485210033463,1,0.6666666666666666,1.0,1
100,uniform,vigna,37,9,2.3232473738689787,1,1.0,0.8,0
100,uniform,vigna,38,8,3.274120466959289,1,1.0,0.8,0
100,uniform,vigna,39,6,4.167636127187731,1,1.0,1.0,0
100,uniform,vigna,40,10,7.1654056638388,1,0.6666666666666666,0.8,1
100,uniform,vigna,41,7,2.2936453661221554,0,1.0,1.0,1
100,uniform,vigna,42,6,2.4556090115963634,0,1.0,1.0,2
100,uniform,vigna,43,6,4.259895080267106,0,1.0,1.0,1
100,uniform,vigna,44,3,1.4120866173180862,1,1.0,1.0,0
100,uniform,vigna,45,7,2.4165779740651323,1,1.0,0.8,1
100,uniform,vigna,46,8,2.6414923594119344,1,1.0,1.0,1
100,uniform,vigna,47,7,2.5824970823613245,1,1.0,0.8,0
100,uniform,vigna,48,3,1.5405480824297133,1,1.0,1.0,1
100,uniform,vigna,49,5,1.7108185345890974,0,1.0,1.0,2
100,uniform,quadratic,0,5,2.4527985620617843,1,1.0,1.0,1
100,uniform,quadratic,1,8,4.874517814309192,0,0.6666666666666666,0.8,2
100,uniform,quadratic,2,6,12.991366551707536,1,1.0,1.0,0
100,uniform,quadratic,3,8,3.8746973521480914,1,1.0,1.0,1
100,uniform,quadratic,4,8,2.1711958949145416,1,0.6666666666666666,0.8,2
100,uniform,quadratic,5,6,2.1049334248352003,1,1.0,1.0,0
100,uniform,quadratic,6,9,2.3956798024404993,1,0.6666666666666666,1.0,1
100,uniform,quadratic,7,6,3.6606108332057907,1,0.6666666666666666,1.0,2
100,uniform,quadratic,8,6,3.9354957304508744,1,0.6666666666666666,0.8,1
100,uniform,quadratic,9,7,4.015625054718394,0,1.0,1.0,1
100,uniform,quadratic,10,5,4.217429287418587,1,1.0,1.0,0
100,uniform,quadratic,11,8,8.495594896498634,0,0.6666666666666666,1.0,2
100,uniform,quadratic,12,9,6.620519046127166,1,0.6666666666666666,1.0,3
100,uniform,quadratic,13,7,2.9908246144355246,1,1.0,1.0,0
100,uniform,quadratic,14,10,2.8370024938798024,1,0.6666666666666666,1.0,2
100,uniform,quadratic,15,6,4.888424614986069,1,1.0,0.8,0
100,uniform,quadratic,16,8,2.6259723206387555,1,1.0,0.8,0
100,uniform,quadratic,17,8,4.714299988684764,1,1.0,0.8,2
100,uniform,quadratic,18,7,3.502376742596417,0,1.0,1.0,2
100,uniform,quadratic,19,8,8.218420582553613,1,1.0,0.8,1
100,uniform,quadratic,20,7,3.4678744203724596,1,1.0,1.0,0
100,uniform,quadratic,21,4,15.722280810134965,1,1.0,1.0,0
100,uniform,quadratic,22,5,2.8882513177598073,1,0.6666666666666666,1.0,2
100,uniform,quadratic,23,10,3.906718758302452,1,1.0,1.0,0
100,uniform,quadratic,24,10,7.808611755307135,1,1.0,0.8,2
100,uniform,quadratic,25,4,3.121499248647627,1,1.0,0.8,1
100,uniform,quadratic,26,7,6.173053899240033,1,0.6666666666666666,1.0,3
100,uniform,quadratic,27,3,1.7774152815231001,1,1.0,1.0,0
100,uniform,quadratic,28,9,13.452033658405185,1,1.0,1.0,0
100,uniform,quadratic,29,10,7.307686868516389,0,1.0,1.0,1
100,uniform,quadratic,30,8,8.154034062117521,1,1.0,1.0,0
100,uniform,quadratic,31,9,7.531431471456456,1,1.0,0.8,0
100,uniform,quadratic,32,11,4.075705263789259,1,0.6666666666666666,1.0,3
100,uniform,quadratic,33,10,6.164703324295385,1,1.0,1.0,0
100,uniform,quadratic,34,6,3.4122258060794124,1,1.0,1.0,0
100,uniform,quadratic,35,9,3.017113573373353,1,1.0,1.0,1
100,uniform,quadratic,36,5,6.585020066794479,1,0.6666666666666666,1.0,2
100,uniform,quadratic,37,9,2.947960703734642,1,1.0,0.8,0
100,uniform,quadratic,38,10,4.92867301160072,1,1.0,0.8,0
100,uniform,quadratic,39,8,3.9729488767569556,1,1.0,1.0,1
100,uniform,quadratic,40,12,11.962791416994067,1,0.6666666666666666,0.8,1
100,uniform,quadratic,41,9,2.9322069243194844,0,1.0,1.0,2
100,uniform,quadratic,42,6,3.539234299724311,0,1.0,1.0,2
100,uniform,quadratic,43,7,3.7337260213304395,0,1.0,0.8,1
100,uniform,quadratic,44,3,1.2655740675470686,1,1.0,1.0,0
100,uniform,quadratic,45,9,3.469301025066607,1,1.0,0.8,1
100,uniform,quadratic,46,11,4.434456781173792,1,1.0,1.0,1
100,uniform,quadratic,47,8,2.6164860510828802,1,1.0,0.8,0
100,uniform,quadratic,48,9,3.9068715308189956,1,1.0,1.0,1
100,uniform,quadratic,49,7,2.5729780752372866,0,1.0,1.0,2
100,skill_matched,uniform,0,5,6.381009654800229,1,1.0,1.0,0
100,skill_matched,uniform,1,3,24.032948591325038,1,1.0,1.0,0
100,skill_matched,uniform,2,5,5.091954861546782,1,1.0,0.8,1
100,skill_matched,uniform,3,6,1.8439324109196775,1,1.0,1.0,1
100,skill_matched,uniform,4,8,2.2368786580272086,1,1.0,1.0,2
100,skill_matched,uniform,5,5,1.5174171510622756,1,1.0,0.8,0
100,skill_matched,uniform,6,3,10.341104969168754,0,1.0,1.0,1
100,skill_matched,uniform,7,9,7.418542090110985,0,0.6666666666666666,1.0,2
100,skill_matched,uniform,8,2,1.2337966130295754,1,1.0,1.0,0
100,skill_matched,uniform,9,2,7.882606940452028,1,1.0,1.0,0
100,skill_matched,uniform,10,3,2.4016320881938023,1,1.0,1.0,0
100,skill_matched,uniform,11,7,16.341748359282786,1,1.0,1.0,0
100,skill_matched,uniform,12,4,1.445841484729936,1,1.0,1.0,1
100,skill_matched,uniform,13,6,2.356443315753571,1,0.6666666666666666,1.0,2
100,skill_matched,uniform,14,6,14.317060046410795,1,1.0,0.8,1
100,skill_matched,uniform,15,4,0.731992273553125,1,1.0,1.0,0
100,skill_matched,uniform,16,12,12.12573682087231,0,1.0,0.8,2
100,skill_matched,uniform,17,5,3.0602435849104923,0,1.0,1.0,1
100,skill_matched,uniform,18,2,1.6101681506836911,1,1.0,1.0,0
100,skill_matched,uniform,19,4,1.6356220775680157,1,1.0,0.8,0
100,skill_matched,uniform,20,10,4.850607108191657,1,0.6666666666666666,0.8,2
100,skill_matched,uniform,21,5,5.464243752450455,1,1.0,0.8,0
100,skill_matched,uniform,22,6,4.567940904381487,1,0.6666666666666666,1.0,2
100,skill_matched,uniform,23,7,2.164974693199379,1,1.0,1.0,1
100,skill_matched,uniform,24,6,3.5029686152973056,1,1.0,1.0,0
100,skill_matched,uniform,25,7,12.085774018817473,1,1.0,1.0,0
100,skill_matched,uniform,26,3,2.229901210828743,1,1.0,0.8,0
100,skill_matched,uniform,27,7,0.7737370042939123,1,1.0,1.0,1
100,skill_matched,uniform,28,9,8.27608977862933,0,1.0,1.0,1
100,skill_matched,uniform,29,2,1.625341160151109,1,1.0,1.0,0
100,skill_matched,uniform,30,5,1.8519736895144319,0,1.0,1.0,2
100,skill_matched,uniform,31,14,15.241920534619993,1,1.0,1.0,1
100,skill_matched,uniform,32,2,1.3312986622575593,1,1.0,1.0,0
100,skill_matched,uniform,33,11,31.416900310409627,0,0.6666666666666666,0.8,4
100,skill_matched,uniform,34,3,2.485122636690363,1,1.0,1.0,1
100,skill_matched,uniform,35,4,1.8900447270053462,1,1.0,1.0,0
100,skill_matched,uniform,36,4,4.384251553574089,1,1.0,0.8,0
100,skill_matched,uniform,37,6,3.917588351412725,1,1.0,1.0,1
100,skill_matched,uniform,38,3,3.2629543529227854,1,1.0,1.0,1
100,skill_matched,uniform,39,6,20.914360947989085,0,1.0,1.0,1
100,skill_matched,uniform,40,5,3.0309443871157926,1,1.0,1.0,0
100,skill_matched,uniform,41,5,3.430983302692951,1,1.0,1.0,1
100,skill_matched,uniform,42,2,3.4394573045615644,1,1.0,1.0,0
100,skill_matched,uniform,43,7,2.624689914766354,0,0.6666666666666666,0.8,2
100,skill_matched,uniform,44,3,2.1757295182774263,1,1.0,1.0,0
100,skill_matched,uniform,45,7,2.6692587257936333,0,1.0,0.8,1
100,skill_matched,uniform,46,9,1.7809058596596385,1,1.0,0.8,0
100,skill_matched,uniform,47,7,2.301050115595224,1,0.6666666666666666,0.8,1
100,skill_matched,uniform,48,5,2.873839656891016,1,1.0,1.0,1
100,skill_matched,uniform,49,3,8.319459754839519,1,0.6666666666666666,1.0,2
100,skill_matched,vigna,0,6,12.367055016336813,1,1.0,1.0,0
100,skill_matched,vigna,1,6,30.213586500785045,1,1.0,1.0,0
100,skill_matched,vigna,2,6,4.389306573237094,1,1.0,0.8,0
100,skill_matched,vigna,3,7,2.3338749527213474,1,1.0,1.0,1
100,skill_matched,vigna,4,7,1.675980209613503,1,1.0,1.0,1
100,skill_matched,vigna,5,4,1.5864521267032217,1,1.0,1.0,0
100,skill_matched,vigna,6,3,1.6023095210957905,1,1.0,1.0,0
100,skill_matched,vigna,7,9,9.332233585394725,0,0.6666666666666666,1.0,2
100,skill_matched,vigna,8,3,2.0983290944753605,1,1.0,1.0,0
100,skill_matched,vigna,9,3,11.20648781779227,1,1.0,1.0,0
100,skill_matched,vigna,10,3,2.996204548504205,0,1.0,1.0,1
100,skill_matched,vigna,11,9,17.31467677864962,1,1.0,1.0,0
100,skill_matched,vigna,12,5,1.920334382587518,1,1.0,1.0,1
100,skill_matched,vigna,13,3,0.6625949123839803,1,0.6666666666666666,1.0,1
100,skill_matched,vigna,14,6,13.713086995266414,1,1.0,1.0,0
100,skill_matched,vigna,15,8,2.251598727351295,1,0.6666666666666666,0.8,1
100,skill_matched,vigna,16,11,8.438372866844658,1,1.0,0.8,1
100,skill_matched,vigna,17,5,3.0602435849104923,0,1.0,1.0,1
100,skill_matched,vigna,18,2,1.6101681506836911,1,1.0,1.0,0
100,skill_matched,vigna,19,4,1.6356220775680157,1,1.0,0.8,0
100,skill_matched,vigna,20,11,4.545597773284019,1,0.6666666666666666,0.8,2
100,skill_matched,vigna,21,5,5.464243752450455,1,1.0,0.8,0
100,skill_matched,vigna,22,6,4.567940904381487,1,0.6666666666666666,1.0,2
100,skill_matched,vigna,23,8,2.342346051672836,1,1.0,1.0,1
100,skill_matched,vigna,24,7,3.8241617785631132,1,1.0,1.0,0
100,skill_matched,vigna,25,8,13.601832814676971,1,1.0,1.0,0
100,skill_matched,vigna,26,4,6.374422472047826,1,1.0,0.8,0
100,skill_matched,vigna,27,6,0.9305052712247246,1,1.0,0.8,1
100,skill_matched,vigna,28,7,14.702109132954233,1,1.0,1.0,0
100,skill_matched,vigna,29,5,6.048888506881551,1,1.0,1.0,0
100,skill_matched,vigna,30,5,1.8519736895144319,0,1.0,1.0,2
100,skill_matched,vigna,31,18,13.114949453035472,1,1.0,1.0,1
100,skill_matched,vigna,32,4,2.5182226814318085,1,1.0,1.0,0
100,skill_matched,vigna,33,13,28.224382371701633,0,0.6666666666666666,0.8,4
100,skill_matched,vigna,34,2,1.4379521730366633,1,1.0,1.0,1
100,skill_matched,vigna,35,4,1.8900447270053462,1,1.0,1.0,0
100,skill_matched,vigna,36,4,4.384251553574089,1,1.0,0.8,0
100,skill_matched,vigna,37,7,3.5995840681507008,1,1.0,1.0,1
100,skill_matched,vigna,38,4,3.2554113357483416,1,1.0,1.0,1
100,skill_matched,vigna,39,8,25.853057072081796,1,1.0,1.0,0
100,skill_matched,vigna,40,4,3.557049630791319,1,1.0,1.0,1
100,skill_matched,vigna,41,5,3.063019255846797,1,1.0,1.0,1
100,skill_matched,vigna,42,7,2.7100639041720433,1,1.0,1.0,1
100,skill_matched,vigna,43,8,4.752866342759293,0,0.6666666666666666,0.8,2
100,skill_matched,vigna,44,4,2.1584268592209916,1,1.0,1.0,1
100,skill_matched,vigna,45,7,1.491492768398069,0,1.0,0.8,1
100,skill_matched,vigna,46,11,3.3876875116624485,1,1.0,0.8,0
100,skill_matched,vigna,47,8,2.403756994622804,1,0.6666666666666666,0.8,1
100,skill_matched,vigna,48,5,2.397978718924975,1,1.0,1.0,1
100,skill_matched,vigna,49,2,9.685534379018364,1,0.6666666666666666,1.0,2
100,skill_matched,quadratic,0,12,11.025139426608321,1,1.0,1.0,1
100,skill_matched,quadratic,1,10,26.561673550593717,1,1.0,1.0,0
100,skill_matched,quadratic,2,7,8.126279850867242,1,1.0,0.8,0
100,skill_matched,quadratic,3,10,4.4015258333990435,1,0.6666666666666666,1.0,2
100,skill_matched,quadratic,4,6,1.2846977666968844,1,1.0,1.0,1
100,skill_matched,quadratic,5,5,8.46688918071169,1,1.0,1.0,0
100,skill_matched,quadratic,6,8,13.167268988057623,1,1.0,1.0,0
100,skill_matched,quadratic,7,17,15.53481899885398,0,0.6666666666666666,0.8,2
100,skill_matched,quadratic,8,6,12.521196183348875,1,1.0,1.0,0
100,skill_matched,quadratic,9,6,11.493550596129511,1,1.0,1.0,0
100,skill_matched,quadratic,10,4,11.119655753948507,1,1.0,1.0,0
100,skill_matched,quadratic,11,11,20.492414381214193,1,1.0,1.0,0
100,skill_matched,quadratic,12,5,1.920334382587518,1,1.0,1.0,1
100,skill_matched,quadratic,13,9,4.878742804003505,1,0.6666666666666666,1.0,3
100,skill_matched,quadratic,14,8,11.963131397832727,1,1.0,0.8,0
100,skill_matched,quadratic,15,12,4.947695320373558,1,0.6666666666666666,0.8,1
100,skill_matched,quadratic,16,16,12.600931389508858,0,1.0,0.8,2
100,skill_matched,quadratic,17,11,6.407651412074561,0,1.0,1.0,1
100,skill_matched,quadratic,18,3,8.308702835318002,1,1.0,1.0,0
100,skill_matched,quadratic,19,6,2.241308778741567,1,0.6666666666666666,0.8,1
100,skill_matched,quadratic,20,14,6.3416018580677775,1,0.6666666666666666,0.8,2
100,skill_matched,quadratic,21,8,5.374599941687837,1,1.0,0.8,0
100,skill_matched,quadratic,22,11,5.053049946076484,1,0.6666666666666666,1.0,3
100,skill_matched,quadratic,23,7,2.52898183146518,1,1.0,1.0,1
100,skill_matched,quadratic,24,12,5.058760501737091,1,1.0,1.0,1
100,skill_matched,quadratic,25,11,18.340620465365397,1,1.0,1.0,0
100,skill_matched,quadratic,26,7,12.748186936066304,1,1.0,0.8,0
100,skill_matched,quadratic,27,8,4.352492930687953,1,1.0,0.8,1
100,skill_matched,quadratic,28,8,18.71042274634434,1,1.0,1.0,1
100,skill_matched,quadratic,29,12,15.86773717673349,1,1.0,1.0,0
100,skill_matched,quadratic,30,5,1.8519736895144319,0,1.0,1.0,2
100,skill_matched,quadratic,31,21,13.514932081719664,1,1.0,1.0,1
100,skill_matched,quadratic,32,7,3.257344816520655,1,1.0,1.0,0
100,skill_matched,quadratic,33,16,22.95349982685968,0,0.6666666666666666,0.8,5
100,skill_matched,quadratic,34,1,1.6778282657712964,1,1.0,1.0,1
100,skill_matched,quadratic,35,8,2.5998011384965967,1,1.0,1.0,1
100,skill_matched,quadratic,36,5,3.951430263525329,1,1.0,0.8,0
100,skill_matched,quadratic,37,9,6.056703912229423,1,1.0,1.0,1
100,skill_matched,quadratic,38,7,6.901370861802022,1,1.0,1.0,2
100,skill_matched,quadratic,39,11,36.27842945873959,1,1.0,1.0,0
100,skill_matched,quadratic,40,4,3.557049630791319,1,1.0,1.0,1
100,skill_matched,quadratic,41,6,3.8485421867233853,1,1.0,1.0,1
100,skill_matched,quadratic,42,10,4.728188454964778,1,1.0,1.0,1
100,skill_matched,quadratic,43,7,5.270157156406691,0,0.6666666666666666,0.8,2
100,skill_matched,quadratic,44,8,3.395435104608188,1,1.0,1.0,2
100,skill_matched,quadratic,45,10,3.1889343257138227,0,1.0,0.8,1
100,skill_matched,quadratic,46,13,9.365398747216414,1,1.0,0.8,0
100,skill_matched,quadratic,47,8,2.403756994622804,1,0.6666666666666666,0.8,1
100,skill_matched,quadratic,48,5,6.835766762267767,1,1.0,1.0,1
100,skill_matched,quadratic,49,3,13.900054677354774,1,0.6666666666666666,1.0,3
